--
-- PostgreSQL database dump
--

-- Dumped from database version 13.1
-- Dumped by pg_dump version 13.1

SET statement_timeout = 0;
SET lock_timeout = 0;
SET idle_in_transaction_session_timeout = 0;
SET client_encoding = 'UTF8';
SET standard_conforming_strings = on;
SELECT pg_catalog.set_config('search_path', '', false);
SET check_function_bodies = false;
SET xmloption = content;
SET client_min_messages = warning;
SET row_security = off;

SET default_tablespace = '';

SET default_table_access_method = heap;

--
-- Name: auth_group; Type: TABLE; Schema: public; Owner: user
--

CREATE TABLE public.auth_group (
    id integer NOT NULL,
    name character varying(150) NOT NULL
);


ALTER TABLE public.auth_group OWNER TO "user";

--
-- Name: auth_group_id_seq; Type: SEQUENCE; Schema: public; Owner: user
--

ALTER TABLE public.auth_group ALTER COLUMN id ADD GENERATED BY DEFAULT AS IDENTITY (
    SEQUENCE NAME public.auth_group_id_seq
    START WITH 1
    INCREMENT BY 1
    NO MINVALUE
    NO MAXVALUE
    CACHE 1
);


--
-- Name: auth_group_permissions; Type: TABLE; Schema: public; Owner: user
--

CREATE TABLE public.auth_group_permissions (
    id integer NOT NULL,
    group_id integer NOT NULL,
    permission_id integer NOT NULL
);


ALTER TABLE public.auth_group_permissions OWNER TO "user";

--
-- Name: auth_group_permissions_id_seq; Type: SEQUENCE; Schema: public; Owner: user
--

ALTER TABLE public.auth_group_permissions ALTER COLUMN id ADD GENERATED BY DEFAULT AS IDENTITY (
    SEQUENCE NAME public.auth_group_permissions_id_seq
    START WITH 1
    INCREMENT BY 1
    NO MINVALUE
    NO MAXVALUE
    CACHE 1
);


--
-- Name: auth_permission; Type: TABLE; Schema: public; Owner: user
--

CREATE TABLE public.auth_permission (
    id integer NOT NULL,
    name character varying(255) NOT NULL,
    content_type_id integer NOT NULL,
    codename character varying(100) NOT NULL
);


ALTER TABLE public.auth_permission OWNER TO "user";

--
-- Name: auth_permission_id_seq; Type: SEQUENCE; Schema: public; Owner: user
--

ALTER TABLE public.auth_permission ALTER COLUMN id ADD GENERATED BY DEFAULT AS IDENTITY (
    SEQUENCE NAME public.auth_permission_id_seq
    START WITH 1
    INCREMENT BY 1
    NO MINVALUE
    NO MAXVALUE
    CACHE 1
);


--
-- Name: cbr_api_alert; Type: TABLE; Schema: public; Owner: user
--

CREATE TABLE public.cbr_api_alert (
    id character varying(100) NOT NULL,
    priority character varying(9) NOT NULL,
    subject character varying(50) NOT NULL,
    alert_message character varying(2000) NOT NULL,
    created_date bigint NOT NULL,
    created_by_user_id character varying(100) NOT NULL,
    unread_by_users text[] NOT NULL,
    server_created_at bigint NOT NULL,
    updated_at bigint NOT NULL
);


ALTER TABLE public.cbr_api_alert OWNER TO "user";

--
-- Name: cbr_api_baselinesurvey; Type: TABLE; Schema: public; Owner: user
--

CREATE TABLE public.cbr_api_baselinesurvey (
    id character varying(100) NOT NULL,
    survey_date bigint NOT NULL,
    health character varying(2) NOT NULL,
    health_have_rehabilitation_access boolean NOT NULL,
    health_need_rehabilitation_access boolean NOT NULL,
    health_have_assistive_device boolean NOT NULL,
    health_working_assistive_device boolean NOT NULL,
    health_need_assistive_device boolean NOT NULL,
    health_assistive_device_type character varying(2) NOT NULL,
    health_services_satisfaction character varying(2) NOT NULL,
    school_currently_attend boolean NOT NULL,
    school_grade integer NOT NULL,
    school_not_attend_reason character varying(2) NOT NULL,
    school_ever_attend boolean NOT NULL,
    school_want_attend boolean NOT NULL,
    social_community_valued boolean NOT NULL,
    social_independent boolean NOT NULL,
    social_able_participate boolean NOT NULL,
    social_affected_by_disability boolean NOT NULL,
    social_discrimination boolean NOT NULL,
    work boolean NOT NULL,
    work_what character varying(50) NOT NULL,
    work_status character varying(5) NOT NULL,
    work_meet_financial_needs boolean NOT NULL,
    work_affected_by_disability boolean NOT NULL,
    work_want boolean NOT NULL,
    food_security character varying(2) NOT NULL,
    food_enough_monthly boolean NOT NULL,
    food_enough_for_child character varying(1) NOT NULL,
    empowerment_organization_member boolean NOT NULL,
    empowerment_organization character varying(50) NOT NULL,
    empowerment_rights_awareness boolean NOT NULL,
    empowerment_influence_others boolean NOT NULL,
    shelter_adequate boolean NOT NULL,
    shelter_essential_access boolean NOT NULL,
    client_id_id character varying(100) NOT NULL,
    user_id_id character varying(100) NOT NULL,
    server_created_at bigint NOT NULL,
    health_have_mental_condition boolean NOT NULL
);


ALTER TABLE public.cbr_api_baselinesurvey OWNER TO "user";

--
-- Name: cbr_api_client; Type: TABLE; Schema: public; Owner: user
--

CREATE TABLE public.cbr_api_client (
    id character varying(100) NOT NULL,
    first_name character varying(50) NOT NULL,
    last_name character varying(50) NOT NULL,
    birth_date bigint NOT NULL,
    gender character varying(1) NOT NULL,
    phone_number character varying(50) NOT NULL,
    created_at bigint NOT NULL,
    longitude numeric(12,6) NOT NULL,
    latitude numeric(12,6) NOT NULL,
    village character varying(50) NOT NULL,
    picture character varying(100),
    caregiver_present boolean NOT NULL,
    caregiver_phone character varying(50) NOT NULL,
    caregiver_email character varying(50) NOT NULL,
    health_risk_level character varying(2) NOT NULL,
    social_risk_level character varying(2) NOT NULL,
    educat_risk_level character varying(2) NOT NULL,
    user_id_id character varying(100) NOT NULL,
    zone_id integer NOT NULL,
    full_name character varying(101) NOT NULL,
    caregiver_name character varying(101) NOT NULL,
    last_visit_date bigint NOT NULL,
    other_disability character varying(100) NOT NULL,
    updated_at bigint NOT NULL,
    educat_timestamp bigint NOT NULL,
    health_timestamp bigint NOT NULL,
    social_timestamp bigint NOT NULL,
    server_created_at bigint NOT NULL,
    nutrit_timestamp bigint NOT NULL,
    nutrit_risk_level character varying(2) NOT NULL,
    is_active boolean NOT NULL,
    mental_risk_level character varying(2) NOT NULL,
    mental_timestamp bigint NOT NULL
);


ALTER TABLE public.cbr_api_client OWNER TO "user";

--
-- Name: cbr_api_client_disability; Type: TABLE; Schema: public; Owner: user
--

CREATE TABLE public.cbr_api_client_disability (
    id integer NOT NULL,
    client_id character varying(100) NOT NULL,
    disability_id integer NOT NULL
);


ALTER TABLE public.cbr_api_client_disability OWNER TO "user";

--
-- Name: cbr_api_client_disability_id_seq; Type: SEQUENCE; Schema: public; Owner: user
--

ALTER TABLE public.cbr_api_client_disability ALTER COLUMN id ADD GENERATED BY DEFAULT AS IDENTITY (
    SEQUENCE NAME public.cbr_api_client_disability_id_seq
    START WITH 1
    INCREMENT BY 1
    NO MINVALUE
    NO MAXVALUE
    CACHE 1
);


--
-- Name: cbr_api_clientrisk; Type: TABLE; Schema: public; Owner: user
--

CREATE TABLE public.cbr_api_clientrisk (
    id character varying(100) NOT NULL,
    "timestamp" bigint NOT NULL,
    risk_type character varying(6) NOT NULL,
    risk_level character varying(2) NOT NULL,
    requirement text NOT NULL,
    goal text NOT NULL,
    client_id_id character varying(100) NOT NULL,
    server_created_at bigint NOT NULL
);


ALTER TABLE public.cbr_api_clientrisk OWNER TO "user";

--
-- Name: cbr_api_disability; Type: TABLE; Schema: public; Owner: user
--

CREATE TABLE public.cbr_api_disability (
    id integer NOT NULL,
    disability_type character varying(50) NOT NULL
);


ALTER TABLE public.cbr_api_disability OWNER TO "user";

--
-- Name: cbr_api_disability_id_seq; Type: SEQUENCE; Schema: public; Owner: user
--

ALTER TABLE public.cbr_api_disability ALTER COLUMN id ADD GENERATED BY DEFAULT AS IDENTITY (
    SEQUENCE NAME public.cbr_api_disability_id_seq
    START WITH 1
    INCREMENT BY 1
    NO MINVALUE
    NO MAXVALUE
    CACHE 1
);


--
-- Name: cbr_api_improvement; Type: TABLE; Schema: public; Owner: user
--

CREATE TABLE public.cbr_api_improvement (
    id character varying(100) NOT NULL,
    risk_type character varying(6) NOT NULL,
    provided character varying(50) NOT NULL,
    "desc" text NOT NULL,
    visit_id_id character varying(100) NOT NULL,
    created_at bigint NOT NULL,
    server_created_at bigint NOT NULL
);


ALTER TABLE public.cbr_api_improvement OWNER TO "user";

--
-- Name: cbr_api_outcome; Type: TABLE; Schema: public; Owner: user
--

CREATE TABLE public.cbr_api_outcome (
    id character varying(100) NOT NULL,
    risk_type character varying(6) NOT NULL,
    goal_met character varying(3) NOT NULL,
    outcome text NOT NULL,
    visit_id_id character varying(100) NOT NULL,
    created_at bigint NOT NULL,
    server_created_at bigint NOT NULL
);


ALTER TABLE public.cbr_api_outcome OWNER TO "user";

--
-- Name: cbr_api_referral; Type: TABLE; Schema: public; Owner: user
--

CREATE TABLE public.cbr_api_referral (
    id character varying(100) NOT NULL,
    date_referred bigint NOT NULL,
    date_resolved bigint NOT NULL,
    resolved boolean NOT NULL,
    outcome character varying(100) NOT NULL,
    wheelchair boolean NOT NULL,
    wheelchair_experience character varying(3) NOT NULL,
    hip_width integer NOT NULL,
    wheelchair_owned boolean NOT NULL,
    wheelchair_repairable boolean NOT NULL,
    physiotherapy boolean NOT NULL,
    condition character varying(100) NOT NULL,
    prosthetic boolean NOT NULL,
    prosthetic_injury_location character varying(20) NOT NULL,
    orthotic boolean NOT NULL,
    orthotic_injury_location character varying(20) NOT NULL,
    services_other character varying(100) NOT NULL,
    client_id_id character varying(100) NOT NULL,
    user_id_id character varying(100) NOT NULL,
    picture character varying(100),
    updated_at bigint NOT NULL,
    server_created_at bigint NOT NULL,
    agriculture_livelihood_program_enrollment boolean NOT NULL,
    emergency_food_aid boolean NOT NULL,
    hha_nutrition_and_agriculture_project boolean NOT NULL,
    mental_health boolean NOT NULL,
    mental_health_condition character varying(100) NOT NULL
);


ALTER TABLE public.cbr_api_referral OWNER TO "user";

--
-- Name: cbr_api_usercbr; Type: TABLE; Schema: public; Owner: user
--

CREATE TABLE public.cbr_api_usercbr (
    id character varying(100) NOT NULL,
    password character varying(128) NOT NULL,
    last_login timestamp with time zone,
    is_superuser boolean NOT NULL,
    username character varying(50) NOT NULL,
    first_name character varying(50) NOT NULL,
    last_name character varying(50) NOT NULL,
    phone_number character varying(50) NOT NULL,
    is_active boolean NOT NULL,
    zone_id integer NOT NULL,
    role character varying(3) NOT NULL,
    created_at bigint NOT NULL,
    updated_at bigint NOT NULL,
    server_created_at bigint NOT NULL
);


ALTER TABLE public.cbr_api_usercbr OWNER TO "user";

--
-- Name: cbr_api_usercbr_groups; Type: TABLE; Schema: public; Owner: user
--

CREATE TABLE public.cbr_api_usercbr_groups (
    id integer NOT NULL,
    usercbr_id character varying(100) NOT NULL,
    group_id integer NOT NULL
);


ALTER TABLE public.cbr_api_usercbr_groups OWNER TO "user";

--
-- Name: cbr_api_usercbr_groups_id_seq; Type: SEQUENCE; Schema: public; Owner: user
--

ALTER TABLE public.cbr_api_usercbr_groups ALTER COLUMN id ADD GENERATED BY DEFAULT AS IDENTITY (
    SEQUENCE NAME public.cbr_api_usercbr_groups_id_seq
    START WITH 1
    INCREMENT BY 1
    NO MINVALUE
    NO MAXVALUE
    CACHE 1
);


--
-- Name: cbr_api_usercbr_user_permissions; Type: TABLE; Schema: public; Owner: user
--

CREATE TABLE public.cbr_api_usercbr_user_permissions (
    id integer NOT NULL,
    usercbr_id character varying(100) NOT NULL,
    permission_id integer NOT NULL
);


ALTER TABLE public.cbr_api_usercbr_user_permissions OWNER TO "user";

--
-- Name: cbr_api_usercbr_user_permissions_id_seq; Type: SEQUENCE; Schema: public; Owner: user
--

ALTER TABLE public.cbr_api_usercbr_user_permissions ALTER COLUMN id ADD GENERATED BY DEFAULT AS IDENTITY (
    SEQUENCE NAME public.cbr_api_usercbr_user_permissions_id_seq
    START WITH 1
    INCREMENT BY 1
    NO MINVALUE
    NO MAXVALUE
    CACHE 1
);


--
-- Name: cbr_api_visit; Type: TABLE; Schema: public; Owner: user
--

CREATE TABLE public.cbr_api_visit (
    id character varying(100) NOT NULL,
    created_at bigint NOT NULL,
    longitude numeric(22,16) NOT NULL,
    latitude numeric(22,16) NOT NULL,
    village character varying(50) NOT NULL,
    client_id_id character varying(100) NOT NULL,
    user_id_id character varying(100) NOT NULL,
    zone_id integer NOT NULL,
    educat_visit boolean NOT NULL,
    health_visit boolean NOT NULL,
    social_visit boolean NOT NULL,
    server_created_at bigint NOT NULL,
    nutrit_visit boolean NOT NULL,
    mental_visit boolean NOT NULL
);


ALTER TABLE public.cbr_api_visit OWNER TO "user";

--
-- Name: cbr_api_zone; Type: TABLE; Schema: public; Owner: user
--

CREATE TABLE public.cbr_api_zone (
    id integer NOT NULL,
    zone_name character varying(50) NOT NULL
);


ALTER TABLE public.cbr_api_zone OWNER TO "user";

--
-- Name: cbr_api_zone_id_seq; Type: SEQUENCE; Schema: public; Owner: user
--

ALTER TABLE public.cbr_api_zone ALTER COLUMN id ADD GENERATED BY DEFAULT AS IDENTITY (
    SEQUENCE NAME public.cbr_api_zone_id_seq
    START WITH 1
    INCREMENT BY 1
    NO MINVALUE
    NO MAXVALUE
    CACHE 1
);


--
-- Name: django_admin_log; Type: TABLE; Schema: public; Owner: user
--

CREATE TABLE public.django_admin_log (
    id integer NOT NULL,
    action_time timestamp with time zone NOT NULL,
    object_id text,
    object_repr character varying(200) NOT NULL,
    action_flag smallint NOT NULL,
    change_message text NOT NULL,
    content_type_id integer,
    user_id character varying(100) NOT NULL,
    CONSTRAINT django_admin_log_action_flag_check CHECK ((action_flag >= 0))
);


ALTER TABLE public.django_admin_log OWNER TO "user";

--
-- Name: django_admin_log_id_seq; Type: SEQUENCE; Schema: public; Owner: user
--

ALTER TABLE public.django_admin_log ALTER COLUMN id ADD GENERATED BY DEFAULT AS IDENTITY (
    SEQUENCE NAME public.django_admin_log_id_seq
    START WITH 1
    INCREMENT BY 1
    NO MINVALUE
    NO MAXVALUE
    CACHE 1
);


--
-- Name: django_content_type; Type: TABLE; Schema: public; Owner: user
--

CREATE TABLE public.django_content_type (
    id integer NOT NULL,
    app_label character varying(100) NOT NULL,
    model character varying(100) NOT NULL
);


ALTER TABLE public.django_content_type OWNER TO "user";

--
-- Name: django_content_type_id_seq; Type: SEQUENCE; Schema: public; Owner: user
--

ALTER TABLE public.django_content_type ALTER COLUMN id ADD GENERATED BY DEFAULT AS IDENTITY (
    SEQUENCE NAME public.django_content_type_id_seq
    START WITH 1
    INCREMENT BY 1
    NO MINVALUE
    NO MAXVALUE
    CACHE 1
);


--
-- Name: django_migrations; Type: TABLE; Schema: public; Owner: user
--

CREATE TABLE public.django_migrations (
    id integer NOT NULL,
    app character varying(255) NOT NULL,
    name character varying(255) NOT NULL,
    applied timestamp with time zone NOT NULL
);


ALTER TABLE public.django_migrations OWNER TO "user";

--
-- Name: django_migrations_id_seq; Type: SEQUENCE; Schema: public; Owner: user
--

ALTER TABLE public.django_migrations ALTER COLUMN id ADD GENERATED BY DEFAULT AS IDENTITY (
    SEQUENCE NAME public.django_migrations_id_seq
    START WITH 1
    INCREMENT BY 1
    NO MINVALUE
    NO MAXVALUE
    CACHE 1
);


--
-- Name: django_session; Type: TABLE; Schema: public; Owner: user
--

CREATE TABLE public.django_session (
    session_key character varying(40) NOT NULL,
    session_data text NOT NULL,
    expire_date timestamp with time zone NOT NULL
);


ALTER TABLE public.django_session OWNER TO "user";

--
-- Data for Name: auth_group; Type: TABLE DATA; Schema: public; Owner: user
--

COPY public.auth_group (id, name) FROM stdin;
\.


--
-- Data for Name: auth_group_permissions; Type: TABLE DATA; Schema: public; Owner: user
--

COPY public.auth_group_permissions (id, group_id, permission_id) FROM stdin;
\.


--
-- Data for Name: auth_permission; Type: TABLE DATA; Schema: public; Owner: user
--

COPY public.auth_permission (id, name, content_type_id, codename) FROM stdin;
1	Can add log entry	1	add_logentry
2	Can change log entry	1	change_logentry
3	Can delete log entry	1	delete_logentry
4	Can view log entry	1	view_logentry
5	Can add permission	2	add_permission
6	Can change permission	2	change_permission
7	Can delete permission	2	delete_permission
8	Can view permission	2	view_permission
9	Can add group	3	add_group
10	Can change group	3	change_group
11	Can delete group	3	delete_group
12	Can view group	3	view_group
13	Can add content type	4	add_contenttype
14	Can change content type	4	change_contenttype
15	Can delete content type	4	delete_contenttype
16	Can view content type	4	view_contenttype
17	Can add session	5	add_session
18	Can change session	5	change_session
19	Can delete session	5	delete_session
20	Can view session	5	view_session
21	Can add user	6	add_usercbr
22	Can change user	6	change_usercbr
23	Can delete user	6	delete_usercbr
24	Can view user	6	view_usercbr
25	Can add client	7	add_client
26	Can change client	7	change_client
27	Can delete client	7	delete_client
28	Can view client	7	view_client
29	Can add disability	8	add_disability
30	Can change disability	8	change_disability
31	Can delete disability	8	delete_disability
32	Can view disability	8	view_disability
33	Can add zone	9	add_zone
34	Can change zone	9	change_zone
35	Can delete zone	9	delete_zone
36	Can view zone	9	view_zone
37	Can add visit	10	add_visit
38	Can change visit	10	change_visit
39	Can delete visit	10	delete_visit
40	Can view visit	10	view_visit
41	Can add outcome	11	add_outcome
42	Can change outcome	11	change_outcome
43	Can delete outcome	11	delete_outcome
44	Can view outcome	11	view_outcome
45	Can add improvement	12	add_improvement
46	Can change improvement	12	change_improvement
47	Can delete improvement	12	delete_improvement
48	Can view improvement	12	view_improvement
49	Can add client risk	13	add_clientrisk
50	Can change client risk	13	change_clientrisk
51	Can delete client risk	13	delete_clientrisk
52	Can view client risk	13	view_clientrisk
53	Can add referral	14	add_referral
54	Can change referral	14	change_referral
55	Can delete referral	14	delete_referral
56	Can view referral	14	view_referral
57	Can add baseline survey	15	add_baselinesurvey
58	Can change baseline survey	15	change_baselinesurvey
59	Can delete baseline survey	15	delete_baselinesurvey
60	Can view baseline survey	15	view_baselinesurvey
61	Can add alert	16	add_alert
62	Can change alert	16	change_alert
63	Can delete alert	16	delete_alert
64	Can view alert	16	view_alert
\.


--
-- Data for Name: cbr_api_alert; Type: TABLE DATA; Schema: public; Owner: user
--

COPY public.cbr_api_alert (id, priority, subject, alert_message, created_date, created_by_user_id, unread_by_users, server_created_at, updated_at) FROM stdin;
7b2220fa-cf28-499c-ac5e-bf63c305db48	ME	MEDIUM Alert Test	For workers who have not yet picked up their free ice cream, you            have 24 minutes to do so.	1485486937	5111a4b5-aa28-4971-af7b-1a4dbefb2e94	{0d11c189-2fd9-4b13-9ced-c2fcb6412a33,25663aef-5bc7-42fa-a0fd-07eb2a2f46b4,25663aef-5bc7-42fa-a0fd-07eb2a2f46b4}	1725903881162	0
eb2dcad6-8f06-4823-a455-d0744362ce8a	LO	LOW Alert Test	Friendly reminder to all workers: free ice cream today!	1496717050	0d11c189-2fd9-4b13-9ced-c2fcb6412a33	{25663aef-5bc7-42fa-a0fd-07eb2a2f46b4,ec70c6bd-695b-447e-bd36-38d2266e48c0,25663aef-5bc7-42fa-a0fd-07eb2a2f46b4}	1725903881163	0
053dc2da-b324-4688-9c78-dc009818eff0	HI	HIGH Alert Test	Please do not forget to manually sync data from your phone when            you reconnect to the internet	1506887443	ec70c6bd-695b-447e-bd36-38d2266e48c0	{ec7eb3db-b2f0-44e3-9012-b5464e4ebf52,0d11c189-2fd9-4b13-9ced-c2fcb6412a33,ec7eb3db-b2f0-44e3-9012-b5464e4ebf52}	1725903881163	0
\.


--
-- Data for Name: cbr_api_baselinesurvey; Type: TABLE DATA; Schema: public; Owner: user
--

COPY public.cbr_api_baselinesurvey (id, survey_date, health, health_have_rehabilitation_access, health_need_rehabilitation_access, health_have_assistive_device, health_working_assistive_device, health_need_assistive_device, health_assistive_device_type, health_services_satisfaction, school_currently_attend, school_grade, school_not_attend_reason, school_ever_attend, school_want_attend, social_community_valued, social_independent, social_able_participate, social_affected_by_disability, social_discrimination, work, work_what, work_status, work_meet_financial_needs, work_affected_by_disability, work_want, food_security, food_enough_monthly, food_enough_for_child, empowerment_organization_member, empowerment_organization, empowerment_rights_awareness, empowerment_influence_others, shelter_adequate, shelter_essential_access, client_id_id, user_id_id, server_created_at, health_have_mental_condition) FROM stdin;
53807254-bcac-4922-bed5-05f5fddc5c23	1727829851591	F	f	t	f	f	f		P	f	0	D	t	f	f	t	f	f	f	t	asd	SEMPL	t	f	f	F	f		f		t	f	t	f	915d6e18-3932-4f22-9f2b-7cdc11261a09	5111a4b5-aa28-4971-af7b-1a4dbefb2e94	1727829851591	f
\.


--
-- Data for Name: cbr_api_client; Type: TABLE DATA; Schema: public; Owner: user
--

COPY public.cbr_api_client (id, first_name, last_name, birth_date, gender, phone_number, created_at, longitude, latitude, village, picture, caregiver_present, caregiver_phone, caregiver_email, health_risk_level, social_risk_level, educat_risk_level, user_id_id, zone_id, full_name, caregiver_name, last_visit_date, other_disability, updated_at, educat_timestamp, health_timestamp, social_timestamp, server_created_at, nutrit_timestamp, nutrit_risk_level, is_active, mental_risk_level, mental_timestamp) FROM stdin;
8ccdbad6-8338-4909-9a6e-ce5faa07024b	Dan	Nylah	101739434116	M	555-0001	1519409417061	0.000000	0.000000	#1		f			CR	CR	ME	1568411a-4eb8-4914-a86c-0317e61ac844	9	Dan Nylah		1552972884980		0	1519409417061	1519409417061	1519409417061	1519409417061	1519409417061	HI	t	ME	1519409417061
ff6baaff-bb56-4c49-bf28-8ec6dc1bfee0	Rigel	Lachlan	148235022536	M	555-0009	1544047513786	0.000000	0.000000	#9		f			ME	ME	LO	ec70c6bd-695b-447e-bd36-38d2266e48c0	4	Rigel Lachlan		1598415428801	Dementia	0	1544047513786	1544047513786	1544047513786	1544047513786	1544047513786	CR	t	CR	1544047513786
c6783aa5-0972-405f-955c-34bfe9f2b72f	Edgar	Hirah	342234710535	M	555-0006	1533458501877	0.000000	0.000000	#6		f			CR	CR	HI	5111a4b5-aa28-4971-af7b-1a4dbefb2e94	11	Edgar Hirah		1581245656532		0	1533458501877	1533458501877	1533458501877	1533458501877	1533458501877	ME	t	CR	1533458501877
37a66359-738d-47fa-b242-a1fbadb7c74f	Ana	Sofia	371518818891	F	555-0005	1544374809932	0.000000	0.000000	#5		f			CR	HI	CR	5111a4b5-aa28-4971-af7b-1a4dbefb2e94	9	Ana Sofia		1585809864312		0	1544374809932	1544374809932	1544374809932	1544374809932	1544374809932	CR	t	ME	1544374809932
f977f973-8bf4-4d02-b35b-79283799f8d1	Harry	Nguyen	1728259200000	M	7788864952	1729122286264	0.000000	0.000000	m		t	888888888	hln5@sfu.ca	ME	HI	LO	5111a4b5-aa28-4971-af7b-1a4dbefb2e94	2	Harry Nguyen	h	0		0	1729122286264	1729122286264	1729122286264	1729122286264	1729122286264	ME	t	HI	1729122286264
915d6e18-3932-4f22-9f2b-7cdc11261a09	Blaise	Georg	426902400000	F	555-0002	1525804251791	0.000000	0.000000	#2		f			HI	HI	CR	0d11c189-2fd9-4b13-9ced-c2fcb6412a33	11	Blaise Georg		1729122081311		1729876945070	1525804251791	1525804251791	1525804251791	1525804251791	1728321981036	CR	t	CR	1525804251791
a479c8b8-7ac1-416f-914b-0293d9a6d398	Carol	Yaumuna	725197408978	F	555-0003	1514102990391	0.000000	0.000000	#3		f			LO	HI	ME	5111a4b5-aa28-4971-af7b-1a4dbefb2e94	11	Carol Yaumuna		1729880877820		0	1514102990391	1514102990391	1514102990391	1514102990391	1514102990391	ME	t	ME	1514102990391
1dd7db5e-a350-443a-8758-796fb8b1be78	Aravind	Bartolome	317374119662	M	555-0004	1538781077934	0.000000	0.000000	#4		f			HI	LO	LO	0d11c189-2fd9-4b13-9ced-c2fcb6412a33	5	Aravind Bartolome		0		0	1538781077934	1538781077934	1538781077934	1538781077934	1538781077934	ME	t	ME	1538781077934
7a6a5ff7-fe8c-45f0-a0bd-4e6b577289f2	Okan	Alvis	503878242207	M	555-0007	1530752537975	0.000000	0.000000	#7		f			CR	LO	CR	ec7eb3db-b2f0-44e3-9012-b5464e4ebf52	1	Okan Alvis		1585883770974		0	1530752537975	1530752537975	1530752537975	1530752537975	1530752537975	HI	t	LO	1530752537975
51bf3886-921d-4eab-bcc3-9143d3a12fc4	Beatrix	Adem	469694121221	F	555-0008	1539029126790	0.000000	0.000000	#8		f			ME	LO	LO	25663aef-5bc7-42fa-a0fd-07eb2a2f46b4	7	Beatrix Adem		0	Epilepsy	0	1539029126790	1539029126790	1539029126790	1539029126790	1539029126790	LO	t	LO	1539029126790
\.


--
-- Data for Name: cbr_api_client_disability; Type: TABLE DATA; Schema: public; Owner: user
--

COPY public.cbr_api_client_disability (id, client_id, disability_id) FROM stdin;
1	8ccdbad6-8338-4909-9a6e-ce5faa07024b	9
2	915d6e18-3932-4f22-9f2b-7cdc11261a09	9
3	a479c8b8-7ac1-416f-914b-0293d9a6d398	1
4	1dd7db5e-a350-443a-8758-796fb8b1be78	1
5	37a66359-738d-47fa-b242-a1fbadb7c74f	5
6	c6783aa5-0972-405f-955c-34bfe9f2b72f	1
7	7a6a5ff7-fe8c-45f0-a0bd-4e6b577289f2	8
8	51bf3886-921d-4eab-bcc3-9143d3a12fc4	3
9	51bf3886-921d-4eab-bcc3-9143d3a12fc4	10
10	ff6baaff-bb56-4c49-bf28-8ec6dc1bfee0	10
12	f977f973-8bf4-4d02-b35b-79283799f8d1	2
\.


--
-- Data for Name: cbr_api_clientrisk; Type: TABLE DATA; Schema: public; Owner: user
--

COPY public.cbr_api_clientrisk (id, "timestamp", risk_type, risk_level, requirement, goal, client_id_id, server_created_at) FROM stdin;
cac8dbb7-013f-44a1-8e51-80e5ebe35b4d	1530752537975	SOCIAL	LO	Orthotic	Full Recovery	7a6a5ff7-fe8c-45f0-a0bd-4e6b577289f2	1530752537975
23fe9872-2853-4cc1-98d3-c9600e2e7e0f	1519409417061	HEALTH	CR	Physiotherapy	Sport Participation	8ccdbad6-8338-4909-9a6e-ce5faa07024b	1519409417061
ace616a8-22be-45ef-97c4-6c8cbe035869	1538781077934	HEALTH	LO	Counseling	Improved Learning	1dd7db5e-a350-443a-8758-796fb8b1be78	1538781077934
1bd88793-6da2-448e-a1be-69d8dce1f8a8	1519409417061	SOCIAL	CR	Wheelchair	Additional Mobility	8ccdbad6-8338-4909-9a6e-ce5faa07024b	1519409417061
1ad609ca-9205-45cb-9fc2-866b0621591e	1519409417061	EDUCAT	ME	Orthotic	Improved Learning	8ccdbad6-8338-4909-9a6e-ce5faa07024b	1519409417061
7670a96f-83fd-43e7-a499-22a2ea2337d7	1533458501877	HEALTH	CR	Counseling	Improved Learning	c6783aa5-0972-405f-955c-34bfe9f2b72f	1533458501877
76f87568-8807-4930-a1bb-eba7a40824ae	1519409417061	NUTRIT	HI	Counseling	Sport Participation	8ccdbad6-8338-4909-9a6e-ce5faa07024b	1519409417061
86a054f5-241b-43a0-80c8-19f43dfe41cf	1538781077934	SOCIAL	CR	Prosthetic	Full Recovery	1dd7db5e-a350-443a-8758-796fb8b1be78	1538781077934
be958702-89b8-487b-b0fe-7d497a1161b8	1519409417061	MENTAL	LO	Wheelchair	Pain Relief	8ccdbad6-8338-4909-9a6e-ce5faa07024b	1519409417061
1e20cf88-aa6c-4020-b926-da693befb5d1	1525804251791	HEALTH	CR	Other	Pain Relief	915d6e18-3932-4f22-9f2b-7cdc11261a09	1525804251791
2112b4d0-7bd7-4d58-a50a-26339d1ba9b8	1525804251791	SOCIAL	HI	Physiotherapy	Pain Relief	915d6e18-3932-4f22-9f2b-7cdc11261a09	1525804251791
6a8c7ef9-ac55-4f16-81fe-e0f80a8cb656	1538781077934	EDUCAT	LO	Orthotic	Sport Participation	1dd7db5e-a350-443a-8758-796fb8b1be78	1538781077934
224501a6-9184-44fe-a355-eb679876f0a0	1525804251791	EDUCAT	CR	Prosthetic	Sport Participation	915d6e18-3932-4f22-9f2b-7cdc11261a09	1525804251791
147f71e0-6c81-4f3a-84e6-03c5f34c9f05	1525804251791	NUTRIT	CR	Other	Improved Learning	915d6e18-3932-4f22-9f2b-7cdc11261a09	1525804251791
641baa53-95b7-4494-910d-92699ac8bf4a	1525804251791	MENTAL	CR	Referral	Improved Learning	915d6e18-3932-4f22-9f2b-7cdc11261a09	1525804251791
b64009f2-afd8-4968-8ce4-10d385243888	1538781077934	NUTRIT	ME	Physiotherapy	Improved Learning	1dd7db5e-a350-443a-8758-796fb8b1be78	1538781077934
17079e1f-fd6f-4ed4-a9d2-a89c55a85241	1514102990391	HEALTH	LO	Orthotic	Additional Mobility	a479c8b8-7ac1-416f-914b-0293d9a6d398	1514102990391
652b3664-abd3-4dfc-b2f9-78e4cb5d50e5	1514102990391	SOCIAL	LO	Counseling	Sport Participation	a479c8b8-7ac1-416f-914b-0293d9a6d398	1514102990391
0c72a811-d054-4847-8597-14bc664027a9	1533458501877	SOCIAL	HI	Physiotherapy	Pain Relief	c6783aa5-0972-405f-955c-34bfe9f2b72f	1533458501877
dcd6202d-6ab9-4914-b3ee-a260b693dc2d	1514102990391	EDUCAT	ME	Orthotic	Full Recovery	a479c8b8-7ac1-416f-914b-0293d9a6d398	1514102990391
77eeb352-113f-410b-8145-e1c75569fda6	1538781077934	MENTAL	ME	Counseling	Sport Participation	1dd7db5e-a350-443a-8758-796fb8b1be78	1538781077934
68fdb38e-5cad-40dd-90c3-205681429340	1514102990391	NUTRIT	ME	Prosthetic	Sport Participation	a479c8b8-7ac1-416f-914b-0293d9a6d398	1514102990391
ff96730e-548f-4921-a399-25aa90f23243	1514102990391	MENTAL	ME	Physiotherapy	Improved Learning	a479c8b8-7ac1-416f-914b-0293d9a6d398	1514102990391
efb37d79-f418-47d6-93f6-e4c7b7a095d5	1544374809932	HEALTH	CR	Counseling	Full Recovery	37a66359-738d-47fa-b242-a1fbadb7c74f	1544374809932
7276c947-5ee5-4bbf-98fb-e6fa299c7aeb	1544374809932	SOCIAL	HI	Wheelchair	Sport Participation	37a66359-738d-47fa-b242-a1fbadb7c74f	1544374809932
332152f8-180d-42c2-a021-e12e98fc4461	1533458501877	EDUCAT	LO	Physiotherapy	Sport Participation	c6783aa5-0972-405f-955c-34bfe9f2b72f	1533458501877
f3dac7c4-0c3b-44c1-98e1-f98de6f6547d	1544374809932	EDUCAT	CR	Referral	Sport Participation	37a66359-738d-47fa-b242-a1fbadb7c74f	1544374809932
cca8ab6f-587b-454c-87c2-4a6174a59ccd	1544374809932	NUTRIT	ME	Wheelchair	Improved Learning	37a66359-738d-47fa-b242-a1fbadb7c74f	1544374809932
e48b7536-9c13-4ac3-ba99-797523b8fb86	1530752537975	EDUCAT	CR	Counseling	Pain Relief	7a6a5ff7-fe8c-45f0-a0bd-4e6b577289f2	1530752537975
f0966a35-398c-405e-86e6-111f59c15137	1544374809932	MENTAL	ME	Prosthetic	Sport Participation	37a66359-738d-47fa-b242-a1fbadb7c74f	1544374809932
9e4b5691-827c-40b7-b960-cc54aa0cbbe3	1533458501877	NUTRIT	ME	Wheelchair Repair	Improved Learning	c6783aa5-0972-405f-955c-34bfe9f2b72f	1533458501877
f1a16791-d193-4766-abbb-e77e426318c6	1533458501877	MENTAL	CR	Orthotic	Pain Relief	c6783aa5-0972-405f-955c-34bfe9f2b72f	1533458501877
dafa5511-41f5-4e2b-8dd9-f29db66857e4	1539029126790	SOCIAL	LO	Wheelchair Repair	Full Recovery	51bf3886-921d-4eab-bcc3-9143d3a12fc4	1539029126790
789bb8c0-0578-47cc-8f1b-33de17f05e11	1530752537975	HEALTH	CR	Other	Sport Participation	7a6a5ff7-fe8c-45f0-a0bd-4e6b577289f2	1530752537975
fbcb059d-2b58-4071-a62d-194e6bb4bb91	1530752537975	NUTRIT	HI	Orthotic	Full Recovery	7a6a5ff7-fe8c-45f0-a0bd-4e6b577289f2	1530752537975
c73f2135-2b2b-4cfb-96f5-f0e848157236	1539029126790	MENTAL	LO	Wheelchair	Additional Mobility	51bf3886-921d-4eab-bcc3-9143d3a12fc4	1539029126790
513bd4db-7b37-407a-baa7-d4f317b25ed9	1530752537975	MENTAL	ME	Wheelchair	Improved Learning	7a6a5ff7-fe8c-45f0-a0bd-4e6b577289f2	1530752537975
4980147f-9a36-4232-b23a-b9c51e3fa968	1539029126790	EDUCAT	LO	Other	Additional Mobility	51bf3886-921d-4eab-bcc3-9143d3a12fc4	1539029126790
9474a139-0ca7-42da-9838-239f83a0a3ae	1539029126790	HEALTH	CR	Other	Improved Learning	51bf3886-921d-4eab-bcc3-9143d3a12fc4	1539029126790
2f98a1e5-fbb9-4f54-9b63-2fcf3ccd7147	1539029126790	NUTRIT	ME	Physiotherapy	Pain Relief	51bf3886-921d-4eab-bcc3-9143d3a12fc4	1539029126790
a2a16739-10e8-4f1b-a142-bd4408f1271c	1544047513786	SOCIAL	ME	Orthotic	Improved Learning	ff6baaff-bb56-4c49-bf28-8ec6dc1bfee0	1544047513786
2aacaa35-eddf-4ccc-9f2f-18f615744440	1544047513786	HEALTH	ME	Prosthetic	Pain Relief	ff6baaff-bb56-4c49-bf28-8ec6dc1bfee0	1544047513786
4d958d20-a292-42d9-b604-ac05d9520ced	1544047513786	EDUCAT	ME	Prosthetic	Sport Participation	ff6baaff-bb56-4c49-bf28-8ec6dc1bfee0	1544047513786
744f849f-be1f-41ba-bf02-df07cd77b03f	1544047513786	NUTRIT	CR	Other	Full Recovery	ff6baaff-bb56-4c49-bf28-8ec6dc1bfee0	1544047513786
ec823fad-3ed7-43b1-b56c-dc4d0a458d7a	1544047513786	MENTAL	CR	Physiotherapy	Pain Relief	ff6baaff-bb56-4c49-bf28-8ec6dc1bfee0	1544047513786
d4f08475-4c81-42c9-9314-6fcfda649630	1547276230061	HEALTH	HI	Other	Additional Mobility	1dd7db5e-a350-443a-8758-796fb8b1be78	1547276230061
fa5dbb9c-8528-4206-8495-e2caf18e6f56	1559132448653	SOCIAL	LO	Wheelchair	Pain Relief	1dd7db5e-a350-443a-8758-796fb8b1be78	1559132448653
2057a0da-c0d6-4a53-85f8-582e2b000eed	1549562314937	MENTAL	ME	Wheelchair Repair	Pain Relief	8ccdbad6-8338-4909-9a6e-ce5faa07024b	1549562314937
7771b8d1-917b-4be3-ac4f-b16ec6c7abe3	1549378781799	NUTRIT	LO	Wheelchair	Improved Learning	51bf3886-921d-4eab-bcc3-9143d3a12fc4	1549378781799
d32d255d-659d-4c64-8574-167870806fa5	1558940267870	HEALTH	ME	Counseling	Additional Mobility	51bf3886-921d-4eab-bcc3-9143d3a12fc4	1558940267870
dcb4bd08-263a-42b8-a0d4-80f611cba7b7	1552918384267	NUTRIT	CR	Other	Sport Participation	37a66359-738d-47fa-b242-a1fbadb7c74f	1552918384267
73647cf8-cce9-497f-b618-7abe04c65358	1547123239689	HEALTH	HI	Orthotic	Sport Participation	915d6e18-3932-4f22-9f2b-7cdc11261a09	1547123239689
f294ac4d-3a4c-427b-b8fa-93b2602b3d15	1547754441291	SOCIAL	HI	Physiotherapy	Improved Learning	a479c8b8-7ac1-416f-914b-0293d9a6d398	1547754441291
6842c820-a4d1-4022-a595-46e638273ab1	1553631012058	EDUCAT	HI	Physiotherapy	Improved Learning	c6783aa5-0972-405f-955c-34bfe9f2b72f	1553631012058
4b65d59f-569a-46c9-97fa-4107723c98fd	1559914918213	SOCIAL	CR	Prosthetic	Sport Participation	c6783aa5-0972-405f-955c-34bfe9f2b72f	1559914918213
3e74856b-ca62-47d7-9ecb-008add9d7c03	1551194291946	EDUCAT	LO	Counseling	Pain Relief	ff6baaff-bb56-4c49-bf28-8ec6dc1bfee0	1551194291946
177c8c43-9bfa-4814-87a2-ba5b466ad81b	1551531020882	MENTAL	LO	Counseling	Pain Relief	7a6a5ff7-fe8c-45f0-a0bd-4e6b577289f2	1551531020882
3269e0bf-c40c-4117-8fda-b6be319d286c	1727409988503	NUTRIT	CR	Other	Improved Learnin	915d6e18-3932-4f22-9f2b-7cdc11261a09	1727409988503
6d1a24c4-77cd-4e3c-91e7-3b9bf8765c3d	1728321981036	NUTRIT	CR	Other	Improved Learning	915d6e18-3932-4f22-9f2b-7cdc11261a09	1728321981036
94d62093-b94d-4898-94b5-c24f34f0b79e	1729122286264	HEALTH	ME	a	a	f977f973-8bf4-4d02-b35b-79283799f8d1	1729122286264
c60d2310-c939-48c1-b050-43bd08919acc	1729122286264	SOCIAL	HI	a	a	f977f973-8bf4-4d02-b35b-79283799f8d1	1729122286264
159c46a9-e38b-42ba-af0d-c1962523c6e1	1729122286264	EDUCAT	LO	a	a	f977f973-8bf4-4d02-b35b-79283799f8d1	1729122286264
06f1358e-1163-4d20-8bfd-0a5dde3cf5d3	1729122286264	NUTRIT	ME	a	a	f977f973-8bf4-4d02-b35b-79283799f8d1	1729122286264
0e875ac0-a947-415a-8869-6e9eedcfafd0	1729122286264	MENTAL	HI	a	a	f977f973-8bf4-4d02-b35b-79283799f8d1	1729122286264
\.


--
-- Data for Name: cbr_api_disability; Type: TABLE DATA; Schema: public; Owner: user
--

COPY public.cbr_api_disability (id, disability_type) FROM stdin;
1	Amputee
2	Polio
3	Spinal cord injury
4	Cerebral palsy
5	Spina bifida
6	Hydrocephalus
7	Congenital Abnormalities
8	Paralysis Cases
9	Don’t know
10	Other
\.


--
-- Data for Name: cbr_api_improvement; Type: TABLE DATA; Schema: public; Owner: user
--

COPY public.cbr_api_improvement (id, risk_type, provided, "desc", visit_id_id, created_at, server_created_at) FROM stdin;
10b25574-41d8-441c-903f-cf5661e06161	HEALTH	Referral	Provided the client with additional services and assistance to improve their health, social, educational, mental and nutritional conditions.	adf3988f-4f9a-4dfd-91b1-c54e65915a7b	1594718344149	1594718344149
d15e43d3-fdda-401b-a876-52ba467890ff	SOCIAL	Orthotic	Provided the client with additional services and assistance to improve their health, social, educational, mental and nutritional conditions.	867f134e-fa33-49fc-aa34-848ae4c4d0ad	1581245656532	1581245656532
2fc56e2b-9169-4d09-8a55-8d320d975717	EDUCAT	Orthotic	Provided the client with additional services and assistance to improve their health, social, educational, mental and nutritional conditions.	45102e51-1a38-4a62-8a33-f3f37212c357	1550118220924	1550118220924
48d40525-cead-4e89-af00-c9562e0470f5	NUTRIT	Wheelchair Repair	Provided the client with additional services and assistance to improve their health, social, educational, mental and nutritional conditions.	92342388-7453-4437-966d-c84662f990bc	1604572140808	1604572140808
78a7b037-f88e-407d-b291-27a1c0d050cc	MENTAL	Prosthetic	Provided the client with additional services and assistance to improve their health, social, educational, mental and nutritional conditions.	c9ff265d-b4a4-4642-aa1c-27c4d80135e6	1585809864312	1585809864312
72fe0122-6527-4603-a692-2143b8695812	HEALTH	Prosthetic	Provided the client with additional services and assistance to improve their health, social, educational, mental and nutritional conditions.	b0d7d7e0-5aaa-4b6b-866f-dbad98e754d9	1585360614742	1585360614742
6e2b33e0-a452-48b2-abf9-0f908c42af17	SOCIAL	Referral	Provided the client with additional services and assistance to improve their health, social, educational, mental and nutritional conditions.	f2b942fb-2f3b-48f5-a138-3202b6c3f6f1	1607474093814	1607474093814
0ded8960-d965-4ad8-a3ad-be54fd38a1dc	EDUCAT	Other	Provided the client with additional services and assistance to improve their health, social, educational, mental and nutritional conditions.	09298e8b-fdc6-4a8f-a334-861fd0a59f95	1585883770974	1585883770974
38f1e592-4231-4772-a246-ea3d8a9e6a55	NUTRIT	Wheelchair Repair	Provided the client with additional services and assistance to improve their health, social, educational, mental and nutritional conditions.	24a52ec4-1b91-4b07-b851-a2fcab4621ba	1565275078849	1565275078849
8fefeef6-d2c9-4a10-a209-6bbd968e12fc	MENTAL	Referral	Provided the client with additional services and assistance to improve their health, social, educational, mental and nutritional conditions.	5ad6186e-539f-4ef8-8efe-fa0e94f0c22a	1608173612291	1608173612291
143c930c-60fb-4ee5-8671-3ed8fc410350	HEALTH	Wheelchair Repair	Provided the client with additional services and assistance to improve their health, social, educational, mental and nutritional conditions.	9dd677c1-0377-4cf8-9ccc-f60a06d1c73c	1552972884980	1552972884980
89f1e024-c997-4939-94ed-4d6beb10e5a5	SOCIAL	Referral	Provided the client with additional services and assistance to improve their health, social, educational, mental and nutritional conditions.	75c8372a-4808-4002-acac-8e660d6a0530	1608241142284	1608241142284
b083fbb9-dfaa-4e00-842d-2ccb84249cdc	EDUCAT	Physiotherapy	Provided the client with additional services and assistance to improve their health, social, educational, mental and nutritional conditions.	2a676f9e-2ccb-4ea9-a4d1-3fcdd789f924	1598415428801	1598415428801
1cc96c16-eb31-4696-b3c8-f1b98d9f337f	NUTRIT	Prosthetic	Provided the client with additional services and assistance to improve their health, social, educational, mental and nutritional conditions.	a0c3d242-a7d5-454f-9e61-5f0c512fe109	1608333695215	1608333695215
bf2a0fc3-c93b-4b92-8765-ff85a4d82dbf	MENTAL	Wheelchair Repair	Provided the client with additional services and assistance to improve their health, social, educational, mental and nutritional conditions.	14ed8008-cea9-4ac5-985b-ee07e5a9862b	1602162487832	1602162487832
b9ebb607-6be2-4eb8-a451-823846d46326	HEALTH	-Advice	a	951d6d2a-deaa-448e-a806-352ca9d5852a	1727732396187	1727732396187
9a7c19d4-4117-4bc4-9456-12c7a2283981	HEALTH	-Advocacy	a	951d6d2a-deaa-448e-a806-352ca9d5852a	1727732396187	1727732396187
e79313c6-9572-4e32-83b1-64283782324d	HEALTH	-Encouragement	a	951d6d2a-deaa-448e-a806-352ca9d5852a	1727732396187	1727732396187
7b21797f-e2d8-44a5-be64-1a2a84273498	HEALTH	-Orthotic	a	951d6d2a-deaa-448e-a806-352ca9d5852a	1727732396187	1727732396187
11e40b0b-d1c7-4395-a99a-a3159a0c8b42	HEALTH	-Prosthetic	a	951d6d2a-deaa-448e-a806-352ca9d5852a	1727732396187	1727732396187
bec35ec4-30e6-42f1-9205-315439b7bb07	HEALTH	-Referral to Health Centre	a	951d6d2a-deaa-448e-a806-352ca9d5852a	1727732396187	1727732396187
d1d9915c-c31e-4fde-b5d4-f647f9356db5	HEALTH	-Wheelchair	a	951d6d2a-deaa-448e-a806-352ca9d5852a	1727732396187	1727732396187
3915808d-b626-4503-aa2f-42757da7cd78	HEALTH	-Wheelchair Repair	a	951d6d2a-deaa-448e-a806-352ca9d5852a	1727732396187	1727732396187
ed883dab-8c69-4c2c-98bc-87c33234b5b0	HEALTH	-Advice	bbb	aff92a4c-90d1-4d9e-9a6f-e7809c29ad3e	1728321842702	1728321842702
09f14544-44b0-4e0d-9395-0b77dbb2350d	EDUCAT	-Advice	bbb	aff92a4c-90d1-4d9e-9a6f-e7809c29ad3e	1728321842702	1728321842702
c77ea460-2ae9-407a-9325-072f499f034b	SOCIAL	-Advice	bbb	aff92a4c-90d1-4d9e-9a6f-e7809c29ad3e	1728321842702	1728321842702
1f8903ae-6d2b-4c27-9f8c-7bf811c0ddad	NUTRIT	-Advice	bbb	aff92a4c-90d1-4d9e-9a6f-e7809c29ad3e	1728321842702	1728321842702
5b632479-6ae0-4289-9a9a-e999ec9d5ab7	MENTAL	-Encouragement	bbb	aff92a4c-90d1-4d9e-9a6f-e7809c29ad3e	1728321842702	1728321842702
22aff4ad-9bc5-454c-ba4a-9ad0ce1a30e5	HEALTH	-Wheelchair	wheelchair desc	c3bdbc46-c6d4-4af4-b199-028090608d9f	1729880877820	1729880877820
13a565f9-7299-4e8a-9e6a-0673adb1592f	HEALTH	-Wheelchair Repair	repair desc	c3bdbc46-c6d4-4af4-b199-028090608d9f	1729880877820	1729880877820
\.


--
-- Data for Name: cbr_api_outcome; Type: TABLE DATA; Schema: public; Owner: user
--

COPY public.cbr_api_outcome (id, risk_type, goal_met, outcome, visit_id_id, created_at, server_created_at) FROM stdin;
b07c56fc-cf96-43e7-a79a-114d78836e41	HEALTH	CON	Partial Recovery	adf3988f-4f9a-4dfd-91b1-c54e65915a7b	1594718344149	1594718344149
076a1275-452a-4a3f-8eda-76cb2e9dd65c	SOCIAL	GO	No Improvement	867f134e-fa33-49fc-aa34-848ae4c4d0ad	1581245656532	1581245656532
ac5c8cd3-0fd1-4c90-b98a-5ea8d6edf7a0	EDUCAT	CON	No Improvement	45102e51-1a38-4a62-8a33-f3f37212c357	1550118220924	1550118220924
ac7e2e75-a512-4350-92b4-e8777e8db5ee	NUTRIT	CON	No Improvement	92342388-7453-4437-966d-c84662f990bc	1604572140808	1604572140808
e1584a4b-26c2-4e9f-bc88-c7fcca67d9ff	MENTAL	CAN	Worsening Condition	c9ff265d-b4a4-4642-aa1c-27c4d80135e6	1585809864312	1585809864312
337ec72a-56e5-4ed3-a13b-af665e90fae4	HEALTH	GO	No Improvement	b0d7d7e0-5aaa-4b6b-866f-dbad98e754d9	1585360614742	1585360614742
e5430951-ba7d-46c9-8a0f-e53cd9be2bf6	SOCIAL	CON	No Improvement	f2b942fb-2f3b-48f5-a138-3202b6c3f6f1	1607474093814	1607474093814
1c7f6e1b-4990-45be-8915-7c3d0b6ece34	EDUCAT	CAN	Worsening Condition	09298e8b-fdc6-4a8f-a334-861fd0a59f95	1585883770974	1585883770974
9af74220-fa07-49f5-93df-deada765e9ee	NUTRIT	CAN	Partial Recovery	24a52ec4-1b91-4b07-b851-a2fcab4621ba	1565275078849	1565275078849
09c0878a-4baf-4d58-a11e-c202e950c8e2	MENTAL	GO	Partial Recovery	5ad6186e-539f-4ef8-8efe-fa0e94f0c22a	1608173612291	1608173612291
3cd3cae8-1cc5-40cf-b7cc-67c9766966ef	HEALTH	GO	Full Recovery	9dd677c1-0377-4cf8-9ccc-f60a06d1c73c	1552972884980	1552972884980
6e7e4a5c-1e83-4502-beb7-9a16ced98f16	SOCIAL	CAN	Partial Recovery	75c8372a-4808-4002-acac-8e660d6a0530	1608241142284	1608241142284
f988eeaa-197f-4c3a-a0e5-0ff63fda6e76	EDUCAT	CAN	Full Recovery	2a676f9e-2ccb-4ea9-a4d1-3fcdd789f924	1598415428801	1598415428801
cabaa17c-4dd2-4357-b7c0-b33af83e84d4	NUTRIT	CON	Full Recovery	a0c3d242-a7d5-454f-9e61-5f0c512fe109	1608333695215	1608333695215
0bdc322c-5f3f-45a0-9ded-1a9559035a63	MENTAL	CON	Partial Recovery	14ed8008-cea9-4ac5-985b-ee07e5a9862b	1602162487832	1602162487832
fda161e0-1c2f-42fa-a2e1-c4da315c4eae	HEALTH	GO	a	951d6d2a-deaa-448e-a806-352ca9d5852a	1727732396187	1727732396187
ab34f6b0-0b36-4b2e-a970-032d22d8e2fe	HEALTH	GO	bbb	aff92a4c-90d1-4d9e-9a6f-e7809c29ad3e	1728321842702	1728321842702
54599789-585f-49f2-a726-ca59ff68f2c7	EDUCAT	GO	bbb	aff92a4c-90d1-4d9e-9a6f-e7809c29ad3e	1728321842702	1728321842702
c845ff45-f5d5-4fce-8af5-73f5a3be1e2b	SOCIAL	GO	bbb	aff92a4c-90d1-4d9e-9a6f-e7809c29ad3e	1728321842702	1728321842702
ccaa9b62-ca89-4f1e-bb1d-bca1a5fa3834	NUTRIT	GO	bbb	aff92a4c-90d1-4d9e-9a6f-e7809c29ad3e	1728321842702	1728321842702
28b50c07-32ca-480e-87b0-d1073f8c9608	MENTAL	GO	bbb	aff92a4c-90d1-4d9e-9a6f-e7809c29ad3e	1728321842702	1728321842702
c4f2615e-5777-41e5-b946-ba186bae2a1e	HEALTH	GO	h	77b764e8-2d54-475f-bf72-64f422784915	1729122081311	1729122081311
52f901e2-8969-439c-a4dd-3eecb664217c	EDUCAT	GO	h	77b764e8-2d54-475f-bf72-64f422784915	1729122081311	1729122081311
6da63114-26f8-4ee1-aab8-284812fcde6d	SOCIAL	GO	a	77b764e8-2d54-475f-bf72-64f422784915	1729122081311	1729122081311
aac68d86-eb9a-4ca5-99a4-09c8598af977	NUTRIT	GO	a	77b764e8-2d54-475f-bf72-64f422784915	1729122081311	1729122081311
2e978b43-85b0-4894-85eb-2cefffb90fa2	MENTAL	GO	a	77b764e8-2d54-475f-bf72-64f422784915	1729122081311	1729122081311
eed5a1ce-9e26-4ac4-9e74-001c883bb0eb	HEALTH	GO	good outcome !!!	c3bdbc46-c6d4-4af4-b199-028090608d9f	1729880877820	1729880877820
\.


--
-- Data for Name: cbr_api_referral; Type: TABLE DATA; Schema: public; Owner: user
--

COPY public.cbr_api_referral (id, date_referred, date_resolved, resolved, outcome, wheelchair, wheelchair_experience, hip_width, wheelchair_owned, wheelchair_repairable, physiotherapy, condition, prosthetic, prosthetic_injury_location, orthotic, orthotic_injury_location, services_other, client_id_id, user_id_id, picture, updated_at, server_created_at, agriculture_livelihood_program_enrollment, emergency_food_aid, hha_nutrition_and_agriculture_project, mental_health, mental_health_condition) FROM stdin;
292c956d-c0e5-409b-bba7-b122e871b3bd	1727388917070	0	f		t	BAS	12	f	f	t	Spinal cord injury	f		f			915d6e18-3932-4f22-9f2b-7cdc11261a09	5111a4b5-aa28-4971-af7b-1a4dbefb2e94		0	1727388917070	f	f	f	f	
80293bd6-2ab6-49f8-92ce-485bb42f206d	1727389208489	1727829495501	t	done	t	BAS	123	f	f	t	Cerebral palsy	t	BELOW_KNEE	t	WEAK_LEG	Hearing Impairment	915d6e18-3932-4f22-9f2b-7cdc11261a09	5111a4b5-aa28-4971-af7b-1a4dbefb2e94		1727829495501	1727389208489	f	t	t	t	Dementia
2ab1a535-b824-4246-a20d-1e7402182c80	1727995777035	0	f		f		0	f	f	t	Amputee	t	BELOW_KNEE	t	WEAK_LEG	Hearing Impairment	915d6e18-3932-4f22-9f2b-7cdc11261a09	5111a4b5-aa28-4971-af7b-1a4dbefb2e94		0	1727995777035	t	f	t	t	Autism
7c10f82f-ac6c-4ffd-b47e-ee3624ef370b	1728321903875	0	f		t	BAS	20	t	t	t	Cerebral palsy	t	BELOW_KNEE	t	WEAK_LEG	Hearing Impairment	915d6e18-3932-4f22-9f2b-7cdc11261a09	5111a4b5-aa28-4971-af7b-1a4dbefb2e94		0	1728321903875	t	f	t	t	hbjj
f4daf18b-a886-4428-a464-bdcc8d67f0b7	1729122138165	1729122155579	t	done	t	BAS	20	t	t	t	Cerebral palsy	t	ABOVE_KNEE	t	WEAK_LEG	Hearing Impairment	915d6e18-3932-4f22-9f2b-7cdc11261a09	5111a4b5-aa28-4971-af7b-1a4dbefb2e94		1729122155579	1729122138165	t	f	t	t	Dementia
\.


--
-- Data for Name: cbr_api_usercbr; Type: TABLE DATA; Schema: public; Owner: user
--

COPY public.cbr_api_usercbr (id, password, last_login, is_superuser, username, first_name, last_name, phone_number, is_active, zone_id, role, created_at, updated_at, server_created_at) FROM stdin;
5111a4b5-aa28-4971-af7b-1a4dbefb2e94	pbkdf2_sha256$390000$sfujdYlv9I03iVj3tRbUS7$rh0c4ezx8w9GD2tAWHp19rMjFE4c4WhBQXbRL5wv/MM=	\N	f	venus	Venus	Admin	555-4242	t	5	ADM	1482470310000	0	1482470310000
25663aef-5bc7-42fa-a0fd-07eb2a2f46b4	pbkdf2_sha256$390000$xEkEnJVkPUC17a3DLaAfLj$+6KZEQHWh61NoCZaKjbXDpeOxq/qPsHH98Cha99IwWU=	\N	f	eruska	Eliza	Ruska	555-1010	t	1	WRK	1506283332000	0	1506283332000
ec70c6bd-695b-447e-bd36-38d2266e48c0	pbkdf2_sha256$390000$HhCctL9EK47JPS4PkXw1mU$2mHXBmbdfeZG8Ll2cch4TeVuP0+OleVKqbhUuV62y0E=	\N	f	rfatimah	Robert	Fatimah	555-2020	t	6	WRK	1500968308000	0	1500968308000
0d11c189-2fd9-4b13-9ced-c2fcb6412a33	pbkdf2_sha256$390000$UFZ7RopueXOeWsQOk1YXKH$rSRj3gW8VSR+M0LAPzPuXMNOwYCgZHUWE+TjucESZik=	\N	f	gnye	Guo	Nye	555-3030	t	10	WRK	1494983522000	0	1494983522000
1568411a-4eb8-4914-a86c-0317e61ac844	pbkdf2_sha256$390000$H8ZBibo3IpEzuAcA35j3VL$p/Jo/pikvZ2UaRTNcT8nQ1jvARwA4IGvpiPWf6KCirE=	\N	f	jherry	Julia	Herry	555-4040	t	11	CLN	1488765789000	0	1488765789000
ec7eb3db-b2f0-44e3-9012-b5464e4ebf52	pbkdf2_sha256$390000$j0S4PRMrCHRQPX6A85tpK7$D6z8ygq4Ue2ya25EwOk2KKgQShGwRgGzYaWMRa4fUgE=	\N	f	tjames	Toby	James	555-5050	t	9	CLN	1483983036000	0	1483983036000
61d96cca-5cf0-45e3-8268-2ab3896420ea	pbkdf2_sha256$390000$vvdFnJjf5ntPaLp7TlbviP$SnoO0laLrK9qQNAkY+qZoXm9kOaL96DS4+ke9uhYIFM=	\N	f	fancypants	Harry	Nguyen	11111111	t	6	CLN	1727406502274	0	1727406502274
\.


--
-- Data for Name: cbr_api_usercbr_groups; Type: TABLE DATA; Schema: public; Owner: user
--

COPY public.cbr_api_usercbr_groups (id, usercbr_id, group_id) FROM stdin;
\.


--
-- Data for Name: cbr_api_usercbr_user_permissions; Type: TABLE DATA; Schema: public; Owner: user
--

COPY public.cbr_api_usercbr_user_permissions (id, usercbr_id, permission_id) FROM stdin;
\.


--
-- Data for Name: cbr_api_visit; Type: TABLE DATA; Schema: public; Owner: user
--

COPY public.cbr_api_visit (id, created_at, longitude, latitude, village, client_id_id, user_id_id, zone_id, educat_visit, health_visit, social_visit, server_created_at, nutrit_visit, mental_visit) FROM stdin;
adf3988f-4f9a-4dfd-91b1-c54e65915a7b	1594718344149	0.0000000000000000	0.0000000000000000	#1	ff6baaff-bb56-4c49-bf28-8ec6dc1bfee0	0d11c189-2fd9-4b13-9ced-c2fcb6412a33	4	f	t	f	1594718344149	f	f
867f134e-fa33-49fc-aa34-848ae4c4d0ad	1581245656532	0.0000000000000000	0.0000000000000000	#2	c6783aa5-0972-405f-955c-34bfe9f2b72f	5111a4b5-aa28-4971-af7b-1a4dbefb2e94	1	f	f	t	1581245656532	f	f
45102e51-1a38-4a62-8a33-f3f37212c357	1550118220924	0.0000000000000000	0.0000000000000000	#3	a479c8b8-7ac1-416f-914b-0293d9a6d398	25663aef-5bc7-42fa-a0fd-07eb2a2f46b4	6	t	f	f	1550118220924	f	f
92342388-7453-4437-966d-c84662f990bc	1604572140808	0.0000000000000000	0.0000000000000000	#4	a479c8b8-7ac1-416f-914b-0293d9a6d398	1568411a-4eb8-4914-a86c-0317e61ac844	6	f	f	f	1604572140808	t	f
c9ff265d-b4a4-4642-aa1c-27c4d80135e6	1585809864312	0.0000000000000000	0.0000000000000000	#5	37a66359-738d-47fa-b242-a1fbadb7c74f	5111a4b5-aa28-4971-af7b-1a4dbefb2e94	7	f	f	f	1585809864312	f	t
b0d7d7e0-5aaa-4b6b-866f-dbad98e754d9	1585360614742	0.0000000000000000	0.0000000000000000	#6	7a6a5ff7-fe8c-45f0-a0bd-4e6b577289f2	0d11c189-2fd9-4b13-9ced-c2fcb6412a33	11	f	t	f	1585360614742	f	f
f2b942fb-2f3b-48f5-a138-3202b6c3f6f1	1607474093814	0.0000000000000000	0.0000000000000000	#7	a479c8b8-7ac1-416f-914b-0293d9a6d398	0d11c189-2fd9-4b13-9ced-c2fcb6412a33	8	f	f	t	1607474093814	f	f
09298e8b-fdc6-4a8f-a334-861fd0a59f95	1585883770974	0.0000000000000000	0.0000000000000000	#8	7a6a5ff7-fe8c-45f0-a0bd-4e6b577289f2	0d11c189-2fd9-4b13-9ced-c2fcb6412a33	1	t	f	f	1585883770974	f	f
24a52ec4-1b91-4b07-b851-a2fcab4621ba	1565275078849	0.0000000000000000	0.0000000000000000	#9	915d6e18-3932-4f22-9f2b-7cdc11261a09	25663aef-5bc7-42fa-a0fd-07eb2a2f46b4	6	f	f	f	1565275078849	t	f
5ad6186e-539f-4ef8-8efe-fa0e94f0c22a	1608173612291	0.0000000000000000	0.0000000000000000	#1	a479c8b8-7ac1-416f-914b-0293d9a6d398	0d11c189-2fd9-4b13-9ced-c2fcb6412a33	11	f	f	f	1608173612291	f	t
9dd677c1-0377-4cf8-9ccc-f60a06d1c73c	1552972884980	0.0000000000000000	0.0000000000000000	#2	8ccdbad6-8338-4909-9a6e-ce5faa07024b	ec7eb3db-b2f0-44e3-9012-b5464e4ebf52	5	f	t	f	1552972884980	f	f
75c8372a-4808-4002-acac-8e660d6a0530	1608241142284	0.0000000000000000	0.0000000000000000	#3	a479c8b8-7ac1-416f-914b-0293d9a6d398	1568411a-4eb8-4914-a86c-0317e61ac844	4	f	f	t	1608241142284	f	f
2a676f9e-2ccb-4ea9-a4d1-3fcdd789f924	1598415428801	0.0000000000000000	0.0000000000000000	#4	ff6baaff-bb56-4c49-bf28-8ec6dc1bfee0	5111a4b5-aa28-4971-af7b-1a4dbefb2e94	6	t	f	f	1598415428801	f	f
a0c3d242-a7d5-454f-9e61-5f0c512fe109	1608333695215	0.0000000000000000	0.0000000000000000	#5	a479c8b8-7ac1-416f-914b-0293d9a6d398	25663aef-5bc7-42fa-a0fd-07eb2a2f46b4	1	f	f	f	1608333695215	t	f
14ed8008-cea9-4ac5-985b-ee07e5a9862b	1602162487832	0.0000000000000000	0.0000000000000000	#6	915d6e18-3932-4f22-9f2b-7cdc11261a09	25663aef-5bc7-42fa-a0fd-07eb2a2f46b4	9	f	f	f	1602162487832	f	t
951d6d2a-deaa-448e-a806-352ca9d5852a	1727732396187	0.0000000000000000	0.0000000000000000	bhj	915d6e18-3932-4f22-9f2b-7cdc11261a09	5111a4b5-aa28-4971-af7b-1a4dbefb2e94	2	f	t	f	1727732396187	f	f
aff92a4c-90d1-4d9e-9a6f-e7809c29ad3e	1728321842702	0.0000000000000000	0.0000000000000000	bhj	915d6e18-3932-4f22-9f2b-7cdc11261a09	5111a4b5-aa28-4971-af7b-1a4dbefb2e94	2	t	t	t	1728321842702	t	t
77b764e8-2d54-475f-bf72-64f422784915	1729122081311	0.0000000000000000	0.0000000000000000	bhj	915d6e18-3932-4f22-9f2b-7cdc11261a09	5111a4b5-aa28-4971-af7b-1a4dbefb2e94	3	t	t	t	1729122081311	t	t
c3bdbc46-c6d4-4af4-b199-028090608d9f	1729880877820	0.0000000000000000	0.0000000000000000	bhj	a479c8b8-7ac1-416f-914b-0293d9a6d398	5111a4b5-aa28-4971-af7b-1a4dbefb2e94	7	f	t	f	1729880877820	f	f
\.


--
-- Data for Name: cbr_api_zone; Type: TABLE DATA; Schema: public; Owner: user
--

COPY public.cbr_api_zone (id, zone_name) FROM stdin;
1	BidiBidi Zone 1
2	BidiBidi Zone 2
3	BidiBidi Zone 3
4	BidiBidi Zone 4
5	BidiBidi Zone 5
6	Kilaji
7	Mijale
8	Palorinya Basecamp
9	Palorinya Zone 1
10	Palorinya Zone 2
11	Palorinya Zone 3
\.


--
-- Data for Name: django_admin_log; Type: TABLE DATA; Schema: public; Owner: user
--

COPY public.django_admin_log (id, action_time, object_id, object_repr, action_flag, change_message, content_type_id, user_id) FROM stdin;
\.


--
-- Data for Name: django_content_type; Type: TABLE DATA; Schema: public; Owner: user
--

COPY public.django_content_type (id, app_label, model) FROM stdin;
1	admin	logentry
2	auth	permission
3	auth	group
4	contenttypes	contenttype
5	sessions	session
6	cbr_api	usercbr
7	cbr_api	client
8	cbr_api	disability
9	cbr_api	zone
10	cbr_api	visit
11	cbr_api	outcome
12	cbr_api	improvement
13	cbr_api	clientrisk
14	cbr_api	referral
15	cbr_api	baselinesurvey
16	cbr_api	alert
\.


--
-- Data for Name: django_migrations; Type: TABLE DATA; Schema: public; Owner: user
--

COPY public.django_migrations (id, app, name, applied) FROM stdin;
1	contenttypes	0001_initial	2024-09-09 17:44:37.623145+00
2	contenttypes	0002_remove_content_type_name	2024-09-09 17:44:37.627116+00
3	auth	0001_initial	2024-09-09 17:44:37.646521+00
4	auth	0002_alter_permission_name_max_length	2024-09-09 17:44:37.64898+00
5	auth	0003_alter_user_email_max_length	2024-09-09 17:44:37.652103+00
6	auth	0004_alter_user_username_opts	2024-09-09 17:44:37.655144+00
7	auth	0005_alter_user_last_login_null	2024-09-09 17:44:37.657669+00
8	auth	0006_require_contenttypes_0002	2024-09-09 17:44:37.65856+00
9	auth	0007_alter_validators_add_error_messages	2024-09-09 17:44:37.661168+00
10	auth	0008_alter_user_username_max_length	2024-09-09 17:44:37.663486+00
11	auth	0009_alter_user_last_name_max_length	2024-09-09 17:44:37.666857+00
12	auth	0010_alter_group_name_max_length	2024-09-09 17:44:37.67058+00
13	auth	0011_update_proxy_permissions	2024-09-09 17:44:37.673424+00
14	auth	0012_alter_user_first_name_max_length	2024-09-09 17:44:37.67662+00
15	cbr_api	0001_initial	2024-09-09 17:44:37.754368+00
16	admin	0001_initial	2024-09-09 17:44:37.76713+00
17	admin	0002_logentry_remove_auto_add	2024-09-09 17:44:37.772123+00
18	admin	0003_logentry_add_action_flag_choices	2024-09-09 17:44:37.776542+00
19	cbr_api	0002_auto_20210301_2333	2024-09-09 17:44:37.821127+00
20	cbr_api	0003_auto_20210302_0103	2024-09-09 17:44:37.827005+00
21	cbr_api	0002_client_full_name	2024-09-09 17:44:37.831703+00
22	cbr_api	0004_merge_20210302_2235	2024-09-09 17:44:37.83257+00
23	cbr_api	0002_auto_20210303_1750	2024-09-09 17:44:37.847214+00
24	cbr_api	0003_auto_20210303_1921	2024-09-09 17:44:37.859397+00
25	cbr_api	0005_merge_20210303_1938	2024-09-09 17:44:37.860346+00
26	cbr_api	0005_client_caregiver_name	2024-09-09 17:44:37.86727+00
27	cbr_api	0006_merge_20210306_1356	2024-09-09 17:44:37.868277+00
28	cbr_api	0007_referral	2024-09-09 17:44:37.879511+00
29	cbr_api	0008_auto_20210310_1337	2024-09-09 17:44:37.884624+00
30	cbr_api	0009_usercbr_role	2024-09-09 17:44:37.891375+00
31	cbr_api	0010_client_last_visit_date	2024-09-09 17:44:37.9001+00
32	cbr_api	0010_auto_20210330_0050	2024-09-09 17:44:37.92727+00
33	cbr_api	0011_merge_20210331_2255	2024-09-09 17:44:37.928373+00
34	cbr_api	0010_auto_20210330_1855	2024-09-09 17:44:37.935679+00
35	cbr_api	0012_merge_20210402_2242	2024-09-09 17:44:37.936783+00
36	cbr_api	0013_client_other_disability	2024-09-09 17:44:37.942906+00
37	cbr_api	0014_baselinesurvey	2024-09-09 17:44:37.956889+00
38	cbr_api	0015_auto_20210409_0127	2024-09-09 17:44:37.988207+00
39	cbr_api	0016_alter_client_picture	2024-09-09 17:44:37.994273+00
40	cbr_api	0017_client_modified_date	2024-09-09 17:44:38.012083+00
41	cbr_api	0018_auto_20210727_0011	2024-09-09 17:44:38.024296+00
42	cbr_api	0019_alter_client_picture	2024-09-09 17:44:38.030268+00
43	cbr_api	0020_auto_20210728_2053	2024-09-09 17:44:38.039591+00
44	cbr_api	0021_referral_picture	2024-09-09 17:44:38.04653+00
45	cbr_api	0022_alter_client_picture	2024-09-09 17:44:38.053136+00
46	cbr_api	0023_alter_usercbr_id	2024-09-09 17:44:38.115202+00
47	cbr_api	0024_auto_20211030_1140	2024-09-09 17:44:38.159058+00
48	cbr_api	0025_auto_20211101_2110	2024-09-09 17:44:38.23948+00
49	cbr_api	0026_auto_20211104_1947	2024-09-09 17:44:38.257416+00
50	cbr_api	0027_alter_client_picture	2024-09-09 17:44:38.26316+00
51	cbr_api	0028_auto_20211108_1458	2024-09-09 17:44:38.341381+00
52	cbr_api	0029_auto_20211109_1258	2024-09-09 17:44:38.350496+00
53	cbr_api	0030_auto_20211112_1951	2024-09-09 17:44:38.378984+00
54	cbr_api	0027_auto_20211113_0103	2024-09-09 17:44:38.399993+00
55	cbr_api	0031_merge_0027_auto_20211113_0103_0030_auto_20211112_1951	2024-09-09 17:44:38.401433+00
56	cbr_api	0032_auto_20211113_2155	2024-09-09 17:44:38.418124+00
57	cbr_api	0033_baselinesurvey_server_created_at	2024-09-09 17:44:38.424513+00
58	cbr_api	0034_remove_baselinesurvey_updated_at	2024-09-09 17:44:38.431275+00
59	cbr_api	0026_alter_referral_id	2024-09-09 17:44:38.444114+00
60	cbr_api	0027_auto_20211104_2231	2024-09-09 17:44:38.458658+00
61	cbr_api	0035_merge_20211114_0057	2024-09-09 17:44:38.459843+00
62	cbr_api	0036_auto_20211114_0116	2024-09-09 17:44:38.508665+00
63	cbr_api	0037_alter_referral_picture	2024-09-09 17:44:38.515529+00
64	cbr_api	0035_remove_baselinesurvey_created_at	2024-09-09 17:44:38.521133+00
65	cbr_api	0023_alert	2024-09-09 17:44:38.532423+00
66	cbr_api	0024_alter_alert_priority	2024-09-09 17:44:38.539382+00
67	cbr_api	0031_merge_20211115_1933	2024-09-09 17:44:38.54049+00
68	cbr_api	0036_merge_20211115_1951	2024-09-09 17:44:38.541265+00
69	cbr_api	0038_merge_20211115_2013	2024-09-09 17:44:38.541974+00
70	cbr_api	0039_remove_referral_created_at	2024-09-09 17:44:38.547922+00
71	cbr_api	0040_alert_unread_by_users	2024-09-09 17:44:38.555072+00
72	cbr_api	0041_auto_20211121_2102	2024-09-09 17:44:38.578437+00
73	cbr_api	0042_auto_20211128_1438	2024-09-09 17:44:38.595424+00
74	cbr_api	0043_client_nutrit_timestamp	2024-09-09 17:44:38.601862+00
75	cbr_api	0044_client_nutrit_risk_level	2024-09-09 17:44:38.608612+00
76	cbr_api	0045_visit_nutrit_visit	2024-09-09 17:44:38.615019+00
77	cbr_api	0046_auto_20220331_2337	2024-09-09 17:44:38.63342+00
78	cbr_api	0047_client_is_active	2024-09-09 17:44:38.641228+00
79	cbr_api	0048_alert_server_created_at_alert_updated_at	2024-09-09 17:44:38.654536+00
80	cbr_api	0049_alter_alert_id	2024-09-09 17:44:38.667417+00
81	cbr_api	0050_alter_referral_orthotic_injury_location_and_more 2	2024-09-09 17:44:38.680461+00
82	cbr_api	0050_alter_referral_orthotic_injury_location_and_more	2024-09-09 17:44:38.693114+00
83	cbr_api	0051_merge_20230529_1405	2024-09-09 17:44:38.694351+00
84	cbr_api	0052_client_mental_risk_level_client_mental_timestamp_and_more	2024-09-09 17:44:38.718732+00
85	cbr_api	0053_visit_mental_visit	2024-09-09 17:44:38.72729+00
86	cbr_api	0054_baselinesurvey_health_have_mental_condition	2024-09-09 17:44:38.736521+00
87	cbr_api	0055_referral_mental_health_and_more	2024-09-09 17:44:38.780039+00
88	cbr_api	0056_alter_clientrisk_goal_alter_clientrisk_requirement	2024-09-09 17:44:38.789331+00
89	cbr_api	0057_auto_20230814_2355	2024-09-09 17:44:38.797425+00
90	sessions	0001_initial	2024-09-09 17:44:38.804823+00
\.


--
-- Data for Name: django_session; Type: TABLE DATA; Schema: public; Owner: user
--

COPY public.django_session (session_key, session_data, expire_date) FROM stdin;
\.


--
-- Name: auth_group_id_seq; Type: SEQUENCE SET; Schema: public; Owner: user
--

SELECT pg_catalog.setval('public.auth_group_id_seq', 1, false);


--
-- Name: auth_group_permissions_id_seq; Type: SEQUENCE SET; Schema: public; Owner: user
--

SELECT pg_catalog.setval('public.auth_group_permissions_id_seq', 1, false);


--
-- Name: auth_permission_id_seq; Type: SEQUENCE SET; Schema: public; Owner: user
--

SELECT pg_catalog.setval('public.auth_permission_id_seq', 64, true);


--
-- Name: cbr_api_client_disability_id_seq; Type: SEQUENCE SET; Schema: public; Owner: user
--

SELECT pg_catalog.setval('public.cbr_api_client_disability_id_seq', 12, true);


--
-- Name: cbr_api_disability_id_seq; Type: SEQUENCE SET; Schema: public; Owner: user
--

SELECT pg_catalog.setval('public.cbr_api_disability_id_seq', 10, true);


--
-- Name: cbr_api_usercbr_groups_id_seq; Type: SEQUENCE SET; Schema: public; Owner: user
--

SELECT pg_catalog.setval('public.cbr_api_usercbr_groups_id_seq', 1, false);


--
-- Name: cbr_api_usercbr_user_permissions_id_seq; Type: SEQUENCE SET; Schema: public; Owner: user
--

SELECT pg_catalog.setval('public.cbr_api_usercbr_user_permissions_id_seq', 1, false);


--
-- Name: cbr_api_zone_id_seq; Type: SEQUENCE SET; Schema: public; Owner: user
--

SELECT pg_catalog.setval('public.cbr_api_zone_id_seq', 11, true);


--
-- Name: django_admin_log_id_seq; Type: SEQUENCE SET; Schema: public; Owner: user
--

SELECT pg_catalog.setval('public.django_admin_log_id_seq', 1, false);


--
-- Name: django_content_type_id_seq; Type: SEQUENCE SET; Schema: public; Owner: user
--

SELECT pg_catalog.setval('public.django_content_type_id_seq', 16, true);


--
-- Name: django_migrations_id_seq; Type: SEQUENCE SET; Schema: public; Owner: user
--

SELECT pg_catalog.setval('public.django_migrations_id_seq', 90, true);


--
-- Name: auth_group auth_group_name_key; Type: CONSTRAINT; Schema: public; Owner: user
--

ALTER TABLE ONLY public.auth_group
    ADD CONSTRAINT auth_group_name_key UNIQUE (name);


--
-- Name: auth_group_permissions auth_group_permissions_group_id_permission_id_0cd325b0_uniq; Type: CONSTRAINT; Schema: public; Owner: user
--

ALTER TABLE ONLY public.auth_group_permissions
    ADD CONSTRAINT auth_group_permissions_group_id_permission_id_0cd325b0_uniq UNIQUE (group_id, permission_id);


--
-- Name: auth_group_permissions auth_group_permissions_pkey; Type: CONSTRAINT; Schema: public; Owner: user
--

ALTER TABLE ONLY public.auth_group_permissions
    ADD CONSTRAINT auth_group_permissions_pkey PRIMARY KEY (id);


--
-- Name: auth_group auth_group_pkey; Type: CONSTRAINT; Schema: public; Owner: user
--

ALTER TABLE ONLY public.auth_group
    ADD CONSTRAINT auth_group_pkey PRIMARY KEY (id);


--
-- Name: auth_permission auth_permission_content_type_id_codename_01ab375a_uniq; Type: CONSTRAINT; Schema: public; Owner: user
--

ALTER TABLE ONLY public.auth_permission
    ADD CONSTRAINT auth_permission_content_type_id_codename_01ab375a_uniq UNIQUE (content_type_id, codename);


--
-- Name: auth_permission auth_permission_pkey; Type: CONSTRAINT; Schema: public; Owner: user
--

ALTER TABLE ONLY public.auth_permission
    ADD CONSTRAINT auth_permission_pkey PRIMARY KEY (id);


--
-- Name: cbr_api_alert cbr_api_alert_pkey; Type: CONSTRAINT; Schema: public; Owner: user
--

ALTER TABLE ONLY public.cbr_api_alert
    ADD CONSTRAINT cbr_api_alert_pkey PRIMARY KEY (id);


--
-- Name: cbr_api_baselinesurvey cbr_api_baselinesurvey_pkey; Type: CONSTRAINT; Schema: public; Owner: user
--

ALTER TABLE ONLY public.cbr_api_baselinesurvey
    ADD CONSTRAINT cbr_api_baselinesurvey_pkey PRIMARY KEY (id);


--
-- Name: cbr_api_client_disability cbr_api_client_disability_client_id_disability_id_f166419a_uniq; Type: CONSTRAINT; Schema: public; Owner: user
--

ALTER TABLE ONLY public.cbr_api_client_disability
    ADD CONSTRAINT cbr_api_client_disability_client_id_disability_id_f166419a_uniq UNIQUE (client_id, disability_id);


--
-- Name: cbr_api_client_disability cbr_api_client_disability_pkey; Type: CONSTRAINT; Schema: public; Owner: user
--

ALTER TABLE ONLY public.cbr_api_client_disability
    ADD CONSTRAINT cbr_api_client_disability_pkey PRIMARY KEY (id);


--
-- Name: cbr_api_client cbr_api_client_pkey; Type: CONSTRAINT; Schema: public; Owner: user
--

ALTER TABLE ONLY public.cbr_api_client
    ADD CONSTRAINT cbr_api_client_pkey PRIMARY KEY (id);


--
-- Name: cbr_api_clientrisk cbr_api_clientrisk_pkey; Type: CONSTRAINT; Schema: public; Owner: user
--

ALTER TABLE ONLY public.cbr_api_clientrisk
    ADD CONSTRAINT cbr_api_clientrisk_pkey PRIMARY KEY (id);


--
-- Name: cbr_api_disability cbr_api_disability_disability_type_cd49472a_uniq; Type: CONSTRAINT; Schema: public; Owner: user
--

ALTER TABLE ONLY public.cbr_api_disability
    ADD CONSTRAINT cbr_api_disability_disability_type_cd49472a_uniq UNIQUE (disability_type);


--
-- Name: cbr_api_disability cbr_api_disability_pkey; Type: CONSTRAINT; Schema: public; Owner: user
--

ALTER TABLE ONLY public.cbr_api_disability
    ADD CONSTRAINT cbr_api_disability_pkey PRIMARY KEY (id);


--
-- Name: cbr_api_improvement cbr_api_improvement_pkey; Type: CONSTRAINT; Schema: public; Owner: user
--

ALTER TABLE ONLY public.cbr_api_improvement
    ADD CONSTRAINT cbr_api_improvement_pkey PRIMARY KEY (id);


--
-- Name: cbr_api_outcome cbr_api_outcome_pkey; Type: CONSTRAINT; Schema: public; Owner: user
--

ALTER TABLE ONLY public.cbr_api_outcome
    ADD CONSTRAINT cbr_api_outcome_pkey PRIMARY KEY (id);


--
-- Name: cbr_api_referral cbr_api_referral_pkey; Type: CONSTRAINT; Schema: public; Owner: user
--

ALTER TABLE ONLY public.cbr_api_referral
    ADD CONSTRAINT cbr_api_referral_pkey PRIMARY KEY (id);


--
-- Name: cbr_api_usercbr_groups cbr_api_usercbr_groups_pkey; Type: CONSTRAINT; Schema: public; Owner: user
--

ALTER TABLE ONLY public.cbr_api_usercbr_groups
    ADD CONSTRAINT cbr_api_usercbr_groups_pkey PRIMARY KEY (id);


--
-- Name: cbr_api_usercbr_groups cbr_api_usercbr_groups_usercbr_id_group_id_bc8071dc_uniq; Type: CONSTRAINT; Schema: public; Owner: user
--

ALTER TABLE ONLY public.cbr_api_usercbr_groups
    ADD CONSTRAINT cbr_api_usercbr_groups_usercbr_id_group_id_bc8071dc_uniq UNIQUE (usercbr_id, group_id);


--
-- Name: cbr_api_usercbr cbr_api_usercbr_pkey; Type: CONSTRAINT; Schema: public; Owner: user
--

ALTER TABLE ONLY public.cbr_api_usercbr
    ADD CONSTRAINT cbr_api_usercbr_pkey PRIMARY KEY (id);


--
-- Name: cbr_api_usercbr_user_permissions cbr_api_usercbr_user_per_usercbr_id_permission_id_3d055836_uniq; Type: CONSTRAINT; Schema: public; Owner: user
--

ALTER TABLE ONLY public.cbr_api_usercbr_user_permissions
    ADD CONSTRAINT cbr_api_usercbr_user_per_usercbr_id_permission_id_3d055836_uniq UNIQUE (usercbr_id, permission_id);


--
-- Name: cbr_api_usercbr_user_permissions cbr_api_usercbr_user_permissions_pkey; Type: CONSTRAINT; Schema: public; Owner: user
--

ALTER TABLE ONLY public.cbr_api_usercbr_user_permissions
    ADD CONSTRAINT cbr_api_usercbr_user_permissions_pkey PRIMARY KEY (id);


--
-- Name: cbr_api_usercbr cbr_api_usercbr_username_key; Type: CONSTRAINT; Schema: public; Owner: user
--

ALTER TABLE ONLY public.cbr_api_usercbr
    ADD CONSTRAINT cbr_api_usercbr_username_key UNIQUE (username);


--
-- Name: cbr_api_visit cbr_api_visit_pkey; Type: CONSTRAINT; Schema: public; Owner: user
--

ALTER TABLE ONLY public.cbr_api_visit
    ADD CONSTRAINT cbr_api_visit_pkey PRIMARY KEY (id);


--
-- Name: cbr_api_zone cbr_api_zone_pkey; Type: CONSTRAINT; Schema: public; Owner: user
--

ALTER TABLE ONLY public.cbr_api_zone
    ADD CONSTRAINT cbr_api_zone_pkey PRIMARY KEY (id);


--
-- Name: cbr_api_zone cbr_api_zone_zone_name_336dab67_uniq; Type: CONSTRAINT; Schema: public; Owner: user
--

ALTER TABLE ONLY public.cbr_api_zone
    ADD CONSTRAINT cbr_api_zone_zone_name_336dab67_uniq UNIQUE (zone_name);


--
-- Name: django_admin_log django_admin_log_pkey; Type: CONSTRAINT; Schema: public; Owner: user
--

ALTER TABLE ONLY public.django_admin_log
    ADD CONSTRAINT django_admin_log_pkey PRIMARY KEY (id);


--
-- Name: django_content_type django_content_type_app_label_model_76bd3d3b_uniq; Type: CONSTRAINT; Schema: public; Owner: user
--

ALTER TABLE ONLY public.django_content_type
    ADD CONSTRAINT django_content_type_app_label_model_76bd3d3b_uniq UNIQUE (app_label, model);


--
-- Name: django_content_type django_content_type_pkey; Type: CONSTRAINT; Schema: public; Owner: user
--

ALTER TABLE ONLY public.django_content_type
    ADD CONSTRAINT django_content_type_pkey PRIMARY KEY (id);


--
-- Name: django_migrations django_migrations_pkey; Type: CONSTRAINT; Schema: public; Owner: user
--

ALTER TABLE ONLY public.django_migrations
    ADD CONSTRAINT django_migrations_pkey PRIMARY KEY (id);


--
-- Name: django_session django_session_pkey; Type: CONSTRAINT; Schema: public; Owner: user
--

ALTER TABLE ONLY public.django_session
    ADD CONSTRAINT django_session_pkey PRIMARY KEY (session_key);


--
-- Name: auth_group_name_a6ea08ec_like; Type: INDEX; Schema: public; Owner: user
--

CREATE INDEX auth_group_name_a6ea08ec_like ON public.auth_group USING btree (name varchar_pattern_ops);


--
-- Name: auth_group_permissions_group_id_b120cbf9; Type: INDEX; Schema: public; Owner: user
--

CREATE INDEX auth_group_permissions_group_id_b120cbf9 ON public.auth_group_permissions USING btree (group_id);


--
-- Name: auth_group_permissions_permission_id_84c5c92e; Type: INDEX; Schema: public; Owner: user
--

CREATE INDEX auth_group_permissions_permission_id_84c5c92e ON public.auth_group_permissions USING btree (permission_id);


--
-- Name: auth_permission_content_type_id_2f476e4b; Type: INDEX; Schema: public; Owner: user
--

CREATE INDEX auth_permission_content_type_id_2f476e4b ON public.auth_permission USING btree (content_type_id);


--
-- Name: cbr_api_alert_created_by_user_id_e9fa11df; Type: INDEX; Schema: public; Owner: user
--

CREATE INDEX cbr_api_alert_created_by_user_id_e9fa11df ON public.cbr_api_alert USING btree (created_by_user_id);


--
-- Name: cbr_api_alert_created_by_user_id_e9fa11df_like; Type: INDEX; Schema: public; Owner: user
--

CREATE INDEX cbr_api_alert_created_by_user_id_e9fa11df_like ON public.cbr_api_alert USING btree (created_by_user_id varchar_pattern_ops);


--
-- Name: cbr_api_baselinesurvey_client_id_95c15a79; Type: INDEX; Schema: public; Owner: user
--

CREATE INDEX cbr_api_baselinesurvey_client_id_95c15a79 ON public.cbr_api_baselinesurvey USING btree (client_id_id);


--
-- Name: cbr_api_baselinesurvey_user_id_fc05198e; Type: INDEX; Schema: public; Owner: user
--

CREATE INDEX cbr_api_baselinesurvey_user_id_fc05198e ON public.cbr_api_baselinesurvey USING btree (user_id_id);


--
-- Name: cbr_api_client_created_by_user_id_2f94c2c0; Type: INDEX; Schema: public; Owner: user
--

CREATE INDEX cbr_api_client_created_by_user_id_2f94c2c0 ON public.cbr_api_client USING btree (user_id_id);


--
-- Name: cbr_api_client_disability_client_id_f64bd5dc; Type: INDEX; Schema: public; Owner: user
--

CREATE INDEX cbr_api_client_disability_client_id_f64bd5dc ON public.cbr_api_client_disability USING btree (client_id);


--
-- Name: cbr_api_client_disability_disability_id_c45ad20d; Type: INDEX; Schema: public; Owner: user
--

CREATE INDEX cbr_api_client_disability_disability_id_c45ad20d ON public.cbr_api_client_disability USING btree (disability_id);


--
-- Name: cbr_api_client_zone_id_a437d9c8; Type: INDEX; Schema: public; Owner: user
--

CREATE INDEX cbr_api_client_zone_id_a437d9c8 ON public.cbr_api_client USING btree (zone_id);


--
-- Name: cbr_api_clientrisk_client_id_205592c2; Type: INDEX; Schema: public; Owner: user
--

CREATE INDEX cbr_api_clientrisk_client_id_205592c2 ON public.cbr_api_clientrisk USING btree (client_id_id);


--
-- Name: cbr_api_disability_disability_type_cd49472a_like; Type: INDEX; Schema: public; Owner: user
--

CREATE INDEX cbr_api_disability_disability_type_cd49472a_like ON public.cbr_api_disability USING btree (disability_type varchar_pattern_ops);


--
-- Name: cbr_api_improvement_visit_id_ef9ca907; Type: INDEX; Schema: public; Owner: user
--

CREATE INDEX cbr_api_improvement_visit_id_ef9ca907 ON public.cbr_api_improvement USING btree (visit_id_id);


--
-- Name: cbr_api_outcome_visit_id_c2d23034; Type: INDEX; Schema: public; Owner: user
--

CREATE INDEX cbr_api_outcome_visit_id_c2d23034 ON public.cbr_api_outcome USING btree (visit_id_id);


--
-- Name: cbr_api_referral_client_id_605e33de; Type: INDEX; Schema: public; Owner: user
--

CREATE INDEX cbr_api_referral_client_id_605e33de ON public.cbr_api_referral USING btree (client_id_id);


--
-- Name: cbr_api_referral_user_id_4fa07438; Type: INDEX; Schema: public; Owner: user
--

CREATE INDEX cbr_api_referral_user_id_4fa07438 ON public.cbr_api_referral USING btree (user_id_id);


--
-- Name: cbr_api_usercbr_groups_group_id_cc4c65b6; Type: INDEX; Schema: public; Owner: user
--

CREATE INDEX cbr_api_usercbr_groups_group_id_cc4c65b6 ON public.cbr_api_usercbr_groups USING btree (group_id);


--
-- Name: cbr_api_usercbr_groups_usercbr_id_26e8b041; Type: INDEX; Schema: public; Owner: user
--

CREATE INDEX cbr_api_usercbr_groups_usercbr_id_26e8b041 ON public.cbr_api_usercbr_groups USING btree (usercbr_id);


--
-- Name: cbr_api_usercbr_user_permissions_permission_id_29190114; Type: INDEX; Schema: public; Owner: user
--

CREATE INDEX cbr_api_usercbr_user_permissions_permission_id_29190114 ON public.cbr_api_usercbr_user_permissions USING btree (permission_id);


--
-- Name: cbr_api_usercbr_user_permissions_usercbr_id_ff8c665a; Type: INDEX; Schema: public; Owner: user
--

CREATE INDEX cbr_api_usercbr_user_permissions_usercbr_id_ff8c665a ON public.cbr_api_usercbr_user_permissions USING btree (usercbr_id);


--
-- Name: cbr_api_usercbr_username_fe51f1f6_like; Type: INDEX; Schema: public; Owner: user
--

CREATE INDEX cbr_api_usercbr_username_fe51f1f6_like ON public.cbr_api_usercbr USING btree (username varchar_pattern_ops);


--
-- Name: cbr_api_usercbr_zone_id_d204e538; Type: INDEX; Schema: public; Owner: user
--

CREATE INDEX cbr_api_usercbr_zone_id_d204e538 ON public.cbr_api_usercbr USING btree (zone_id);


--
-- Name: cbr_api_visit_client_id_b9193466; Type: INDEX; Schema: public; Owner: user
--

CREATE INDEX cbr_api_visit_client_id_b9193466 ON public.cbr_api_visit USING btree (client_id_id);


--
-- Name: cbr_api_visit_user_id_be19dfcb; Type: INDEX; Schema: public; Owner: user
--

CREATE INDEX cbr_api_visit_user_id_be19dfcb ON public.cbr_api_visit USING btree (user_id_id);


--
-- Name: cbr_api_visit_zone_id_0162f4c4; Type: INDEX; Schema: public; Owner: user
--

CREATE INDEX cbr_api_visit_zone_id_0162f4c4 ON public.cbr_api_visit USING btree (zone_id);


--
-- Name: cbr_api_zone_zone_name_336dab67_like; Type: INDEX; Schema: public; Owner: user
--

CREATE INDEX cbr_api_zone_zone_name_336dab67_like ON public.cbr_api_zone USING btree (zone_name varchar_pattern_ops);


--
-- Name: django_admin_log_content_type_id_c4bce8eb; Type: INDEX; Schema: public; Owner: user
--

CREATE INDEX django_admin_log_content_type_id_c4bce8eb ON public.django_admin_log USING btree (content_type_id);


--
-- Name: django_admin_log_user_id_c564eba6; Type: INDEX; Schema: public; Owner: user
--

CREATE INDEX django_admin_log_user_id_c564eba6 ON public.django_admin_log USING btree (user_id);


--
-- Name: django_session_expire_date_a5c62663; Type: INDEX; Schema: public; Owner: user
--

CREATE INDEX django_session_expire_date_a5c62663 ON public.django_session USING btree (expire_date);


--
-- Name: django_session_session_key_c0390e0f_like; Type: INDEX; Schema: public; Owner: user
--

CREATE INDEX django_session_session_key_c0390e0f_like ON public.django_session USING btree (session_key varchar_pattern_ops);


--
-- Name: auth_group_permissions auth_group_permissio_permission_id_84c5c92e_fk_auth_perm; Type: FK CONSTRAINT; Schema: public; Owner: user
--

ALTER TABLE ONLY public.auth_group_permissions
    ADD CONSTRAINT auth_group_permissio_permission_id_84c5c92e_fk_auth_perm FOREIGN KEY (permission_id) REFERENCES public.auth_permission(id) DEFERRABLE INITIALLY DEFERRED;


--
-- Name: auth_group_permissions auth_group_permissions_group_id_b120cbf9_fk_auth_group_id; Type: FK CONSTRAINT; Schema: public; Owner: user
--

ALTER TABLE ONLY public.auth_group_permissions
    ADD CONSTRAINT auth_group_permissions_group_id_b120cbf9_fk_auth_group_id FOREIGN KEY (group_id) REFERENCES public.auth_group(id) DEFERRABLE INITIALLY DEFERRED;


--
-- Name: auth_permission auth_permission_content_type_id_2f476e4b_fk_django_co; Type: FK CONSTRAINT; Schema: public; Owner: user
--

ALTER TABLE ONLY public.auth_permission
    ADD CONSTRAINT auth_permission_content_type_id_2f476e4b_fk_django_co FOREIGN KEY (content_type_id) REFERENCES public.django_content_type(id) DEFERRABLE INITIALLY DEFERRED;


--
-- Name: cbr_api_alert cbr_api_alert_created_by_user_id_e9fa11df_fk_cbr_api_usercbr_id; Type: FK CONSTRAINT; Schema: public; Owner: user
--

ALTER TABLE ONLY public.cbr_api_alert
    ADD CONSTRAINT cbr_api_alert_created_by_user_id_e9fa11df_fk_cbr_api_usercbr_id FOREIGN KEY (created_by_user_id) REFERENCES public.cbr_api_usercbr(id) DEFERRABLE INITIALLY DEFERRED;


--
-- Name: cbr_api_baselinesurvey cbr_api_baselinesurv_client_id_id_24122f68_fk_cbr_api_c; Type: FK CONSTRAINT; Schema: public; Owner: user
--

ALTER TABLE ONLY public.cbr_api_baselinesurvey
    ADD CONSTRAINT cbr_api_baselinesurv_client_id_id_24122f68_fk_cbr_api_c FOREIGN KEY (client_id_id) REFERENCES public.cbr_api_client(id) DEFERRABLE INITIALLY DEFERRED;


--
-- Name: cbr_api_baselinesurvey cbr_api_baselinesurv_user_id_id_05f4d5ca_fk_cbr_api_u; Type: FK CONSTRAINT; Schema: public; Owner: user
--

ALTER TABLE ONLY public.cbr_api_baselinesurvey
    ADD CONSTRAINT cbr_api_baselinesurv_user_id_id_05f4d5ca_fk_cbr_api_u FOREIGN KEY (user_id_id) REFERENCES public.cbr_api_usercbr(id) DEFERRABLE INITIALLY DEFERRED;


--
-- Name: cbr_api_client_disability cbr_api_client_disab_disability_id_c45ad20d_fk_cbr_api_d; Type: FK CONSTRAINT; Schema: public; Owner: user
--

ALTER TABLE ONLY public.cbr_api_client_disability
    ADD CONSTRAINT cbr_api_client_disab_disability_id_c45ad20d_fk_cbr_api_d FOREIGN KEY (disability_id) REFERENCES public.cbr_api_disability(id) DEFERRABLE INITIALLY DEFERRED;


--
-- Name: cbr_api_client_disability cbr_api_client_disability_client_id_f64bd5dc_fk; Type: FK CONSTRAINT; Schema: public; Owner: user
--

ALTER TABLE ONLY public.cbr_api_client_disability
    ADD CONSTRAINT cbr_api_client_disability_client_id_f64bd5dc_fk FOREIGN KEY (client_id) REFERENCES public.cbr_api_client(id) DEFERRABLE INITIALLY DEFERRED;


--
-- Name: cbr_api_client cbr_api_client_user_id_id_9497886c_fk_cbr_api_usercbr_id; Type: FK CONSTRAINT; Schema: public; Owner: user
--

ALTER TABLE ONLY public.cbr_api_client
    ADD CONSTRAINT cbr_api_client_user_id_id_9497886c_fk_cbr_api_usercbr_id FOREIGN KEY (user_id_id) REFERENCES public.cbr_api_usercbr(id) DEFERRABLE INITIALLY DEFERRED;


--
-- Name: cbr_api_client cbr_api_client_zone_id_a437d9c8_fk_cbr_api_zone_id; Type: FK CONSTRAINT; Schema: public; Owner: user
--

ALTER TABLE ONLY public.cbr_api_client
    ADD CONSTRAINT cbr_api_client_zone_id_a437d9c8_fk_cbr_api_zone_id FOREIGN KEY (zone_id) REFERENCES public.cbr_api_zone(id) DEFERRABLE INITIALLY DEFERRED;


--
-- Name: cbr_api_clientrisk cbr_api_clientrisk_client_id_id_6289e804_fk; Type: FK CONSTRAINT; Schema: public; Owner: user
--

ALTER TABLE ONLY public.cbr_api_clientrisk
    ADD CONSTRAINT cbr_api_clientrisk_client_id_id_6289e804_fk FOREIGN KEY (client_id_id) REFERENCES public.cbr_api_client(id) DEFERRABLE INITIALLY DEFERRED;


--
-- Name: cbr_api_improvement cbr_api_improvement_visit_id_id_b60395b0_fk; Type: FK CONSTRAINT; Schema: public; Owner: user
--

ALTER TABLE ONLY public.cbr_api_improvement
    ADD CONSTRAINT cbr_api_improvement_visit_id_id_b60395b0_fk FOREIGN KEY (visit_id_id) REFERENCES public.cbr_api_visit(id) DEFERRABLE INITIALLY DEFERRED;


--
-- Name: cbr_api_outcome cbr_api_outcome_visit_id_id_0f0d752a_fk; Type: FK CONSTRAINT; Schema: public; Owner: user
--

ALTER TABLE ONLY public.cbr_api_outcome
    ADD CONSTRAINT cbr_api_outcome_visit_id_id_0f0d752a_fk FOREIGN KEY (visit_id_id) REFERENCES public.cbr_api_visit(id) DEFERRABLE INITIALLY DEFERRED;


--
-- Name: cbr_api_referral cbr_api_referral_client_id_id_6822ede7_fk_cbr_api_client_id; Type: FK CONSTRAINT; Schema: public; Owner: user
--

ALTER TABLE ONLY public.cbr_api_referral
    ADD CONSTRAINT cbr_api_referral_client_id_id_6822ede7_fk_cbr_api_client_id FOREIGN KEY (client_id_id) REFERENCES public.cbr_api_client(id) DEFERRABLE INITIALLY DEFERRED;


--
-- Name: cbr_api_referral cbr_api_referral_user_id_id_3af08b7d_fk_cbr_api_usercbr_id; Type: FK CONSTRAINT; Schema: public; Owner: user
--

ALTER TABLE ONLY public.cbr_api_referral
    ADD CONSTRAINT cbr_api_referral_user_id_id_3af08b7d_fk_cbr_api_usercbr_id FOREIGN KEY (user_id_id) REFERENCES public.cbr_api_usercbr(id) DEFERRABLE INITIALLY DEFERRED;


--
-- Name: cbr_api_usercbr_groups cbr_api_usercbr_groups_group_id_cc4c65b6_fk_auth_group_id; Type: FK CONSTRAINT; Schema: public; Owner: user
--

ALTER TABLE ONLY public.cbr_api_usercbr_groups
    ADD CONSTRAINT cbr_api_usercbr_groups_group_id_cc4c65b6_fk_auth_group_id FOREIGN KEY (group_id) REFERENCES public.auth_group(id) DEFERRABLE INITIALLY DEFERRED;


--
-- Name: cbr_api_usercbr_groups cbr_api_usercbr_groups_usercbr_id_26e8b041_fk; Type: FK CONSTRAINT; Schema: public; Owner: user
--

ALTER TABLE ONLY public.cbr_api_usercbr_groups
    ADD CONSTRAINT cbr_api_usercbr_groups_usercbr_id_26e8b041_fk FOREIGN KEY (usercbr_id) REFERENCES public.cbr_api_usercbr(id) DEFERRABLE INITIALLY DEFERRED;


--
-- Name: cbr_api_usercbr_user_permissions cbr_api_usercbr_user_permission_id_29190114_fk_auth_perm; Type: FK CONSTRAINT; Schema: public; Owner: user
--

ALTER TABLE ONLY public.cbr_api_usercbr_user_permissions
    ADD CONSTRAINT cbr_api_usercbr_user_permission_id_29190114_fk_auth_perm FOREIGN KEY (permission_id) REFERENCES public.auth_permission(id) DEFERRABLE INITIALLY DEFERRED;


--
-- Name: cbr_api_usercbr_user_permissions cbr_api_usercbr_user_permissions_usercbr_id_ff8c665a_fk; Type: FK CONSTRAINT; Schema: public; Owner: user
--

ALTER TABLE ONLY public.cbr_api_usercbr_user_permissions
    ADD CONSTRAINT cbr_api_usercbr_user_permissions_usercbr_id_ff8c665a_fk FOREIGN KEY (usercbr_id) REFERENCES public.cbr_api_usercbr(id) DEFERRABLE INITIALLY DEFERRED;


--
-- Name: cbr_api_usercbr cbr_api_usercbr_zone_id_d204e538_fk_cbr_api_zone_id; Type: FK CONSTRAINT; Schema: public; Owner: user
--

ALTER TABLE ONLY public.cbr_api_usercbr
    ADD CONSTRAINT cbr_api_usercbr_zone_id_d204e538_fk_cbr_api_zone_id FOREIGN KEY (zone_id) REFERENCES public.cbr_api_zone(id) DEFERRABLE INITIALLY DEFERRED;


--
-- Name: cbr_api_visit cbr_api_visit_client_id_id_8f3c1957_fk_cbr_api_client_id; Type: FK CONSTRAINT; Schema: public; Owner: user
--

ALTER TABLE ONLY public.cbr_api_visit
    ADD CONSTRAINT cbr_api_visit_client_id_id_8f3c1957_fk_cbr_api_client_id FOREIGN KEY (client_id_id) REFERENCES public.cbr_api_client(id) DEFERRABLE INITIALLY DEFERRED;


--
-- Name: cbr_api_visit cbr_api_visit_user_id_id_f7faa5b7_fk_cbr_api_usercbr_id; Type: FK CONSTRAINT; Schema: public; Owner: user
--

ALTER TABLE ONLY public.cbr_api_visit
    ADD CONSTRAINT cbr_api_visit_user_id_id_f7faa5b7_fk_cbr_api_usercbr_id FOREIGN KEY (user_id_id) REFERENCES public.cbr_api_usercbr(id) DEFERRABLE INITIALLY DEFERRED;


--
-- Name: cbr_api_visit cbr_api_visit_zone_id_0162f4c4_fk_cbr_api_zone_id; Type: FK CONSTRAINT; Schema: public; Owner: user
--

ALTER TABLE ONLY public.cbr_api_visit
    ADD CONSTRAINT cbr_api_visit_zone_id_0162f4c4_fk_cbr_api_zone_id FOREIGN KEY (zone_id) REFERENCES public.cbr_api_zone(id) DEFERRABLE INITIALLY DEFERRED;


--
-- Name: django_admin_log django_admin_log_content_type_id_c4bce8eb_fk_django_co; Type: FK CONSTRAINT; Schema: public; Owner: user
--

ALTER TABLE ONLY public.django_admin_log
    ADD CONSTRAINT django_admin_log_content_type_id_c4bce8eb_fk_django_co FOREIGN KEY (content_type_id) REFERENCES public.django_content_type(id) DEFERRABLE INITIALLY DEFERRED;


--
-- Name: django_admin_log django_admin_log_user_id_c564eba6_fk; Type: FK CONSTRAINT; Schema: public; Owner: user
--

ALTER TABLE ONLY public.django_admin_log
    ADD CONSTRAINT django_admin_log_user_id_c564eba6_fk FOREIGN KEY (user_id) REFERENCES public.cbr_api_usercbr(id) DEFERRABLE INITIALLY DEFERRED;


--
-- PostgreSQL database dump complete
--

